id,Homicides in 2013,Homicide Rate in 2013,3x1 Projects Granted in 2013,Homicides in 2014,Homicide Rate in 2014,3x1 Projects Granted in 2014
1001,19.0,2.383909863113386,6.0,31.0,3.889537145079735,6.0
1002,5.0,10.990943462586829,2.0,0.0,0.0,9.0
1003,0.0,0.0,17.0,2.0,3.694399290675336,10.0
1004,0.0,0.0,2.0,0.0,0.0,5.0
1005,7.0,7.028818154433176,,6.0,6.024701275228437,2.0
1006,1.0,2.388801299507907,1.0,0.0,0.0,1.0
1007,2.0,4.068679306697046,2.0,1.0,2.034339653348523,3.0
1008,0.0,0.0,4.0,0.0,0.0,3.0
1009,0.0,0.0,1.0,0.0,0.0,4.0
1010,1.0,5.311238580837051,,1.0,5.311238580837051,
1011,4.0,11.182867846459224,,1.0,2.795716961614806,1.0
2001,48.0,10.28246796368575,1.0,50.0,10.710904128839323,1.0
2002,151.0,16.118254617186114,,134.0,14.303616680151917,
2003,34.0,33.63705616399054,,23.0,22.75447916975831,
2004,492.0,31.544871618142917,17.0,462.0,29.621403836548836,15.0
2005,50.0,55.14624784929633,,45.0,49.63162306436671,6.0
3001,2.0,2.824220515137822,,1.0,1.412110257568911,
3002,9.0,15.224819839631897,,4.0,6.766586595391955,
3003,24.0,9.528687304215254,,49.0,19.454403246106143,
3008,20.0,8.386201344308075,,14.0,5.870340941015653,
3009,1.0,5.97442944198829,,2.0,11.94885888397658,
4001,1.0,1.8907165815844207,1.0,1.0,1.8907165815844207,2.0
4002,11.0,4.247022258257562,1.0,9.0,3.474836393119824,
4003,25.0,11.30740770893828,3.0,28.0,12.664296634010872,
4004,6.0,7.227087122535263,2.0,8.0,9.636116163380349,4.0
4005,1.0,3.532819896841659,,1.0,3.532819896841659,
4006,0.0,0.0,,1.0,2.647113322921354,
4007,0.0,0.0,,0.0,0.0,1.0
4008,1.0,10.271158586688578,,0.0,0.0,1.0
4009,10.0,18.455632659087556,3.0,5.0,9.227816329543778,2.0
4010,2.0,7.439922624804702,1.0,2.0,7.439922624804702,2.0
4011,10.0,24.275379909695584,2.0,10.0,24.275379909695584,1.0
5001,2.0,186.9158878504673,,1.0,93.45794392523365,
5002,13.0,9.506050967057877,,20.0,14.624693795473657,
5003,8.0,35.28114663726571,,0.0,0.0,
5004,7.0,31.050390347764374,,2.0,8.87154009936125,
5005,0.0,0.0,,0.0,0.0,
5006,4.0,15.44878727019929,,6.0,23.173180905298935,
5007,0.0,0.0,,3.0,23.053869207715362,
5008,1.0,34.47087211306446,,0.0,0.0,
5009,15.0,26.941590631510884,,4.0,7.184424168402903,
5010,13.0,17.283786478760884,,7.0,9.306654257794323,
5011,1.0,8.560178051703474,,1.0,8.560178051703474,
5012,3.0,143.47202295552367,,2.0,95.64801530368246,
5013,0.0,0.0,,3.0,161.98704103671707,
5014,3.0,30.19627579265224,,3.0,30.19627579265224,
5015,0.0,0.0,,2.0,125.07817385866166,
5016,1.0,54.495912806539515,,0.0,0.0,
5017,54.0,50.391937290033596,,6.0,5.599104143337066,
5018,45.0,20.813483437092405,,42.0,19.425917874619575,
5019,0.0,0.0,,2.0,24.369440721335444,
5020,8.0,11.969955411916091,,10.0,14.962444264895113,
5021,0.0,0.0,,0.0,0.0,
5022,4.0,14.322543683758235,,3.0,10.741907762818677,
5023,0.0,0.0,,1.0,9.09835319807115,
5024,3.0,6.607783969516089,,2.0,4.405189313010727,
5025,32.0,20.941586063374476,,28.0,18.323887805452667,
5026,3.0,86.38065073423553,,0.0,0.0,
5027,18.0,23.85338121678748,,10.0,13.251878453770821,
5028,14.0,23.00852959061252,,5.0,8.217331996647328,
5029,0.0,0.0,,0.0,0.0,
5030,76.0,10.480980468141267,,46.0,6.34375133598024,
5031,2.0,9.029753036254458,,6.0,27.089259108763375,
5032,3.0,7.203054094936253,,6.0,14.406108189872507,
5033,62.0,60.39941548952751,,6.0,5.845104724792986,
5034,1.0,15.686274509803923,,0.0,0.0,
5035,239.0,37.36541026126083,,157.0,24.545478707188074,
5036,7.0,32.83456072048407,,2.0,9.38130306299545,
5037,0.0,0.0,,1.0,15.90077913817777,
5038,3.0,23.618327822390174,,3.0,23.618327822390174,
6001,23.0,80.15333681826101,,11.0,38.33420456525527,
6002,39.0,26.547949681424605,6.0,20.0,13.614333169961336,11.0
6003,0.0,0.0,5.0,3.0,14.362313289927233,2.0
6004,4.0,20.634511220015476,5.0,6.0,30.951766830023214,
6005,6.0,22.13450400265614,15.0,4.0,14.756336001770759,1.0
6006,2.0,37.73584905660377,7.0,0.0,0.0,6.0
6007,54.0,33.45310370462148,28.0,22.0,13.629042250030976,12.0
6008,1.0,12.233912405187178,4.0,3.0,36.701737215561536,3.0
6009,45.0,39.91980554619165,5.0,22.0,19.51634937813814,9.0
6010,4.0,3.334556003868085,,8.0,6.66911200773617,1.0
7001,2.0,11.894849530153444,,2.0,11.894849530153444,
7002,2.0,6.909178844094379,,3.0,10.36376826614157,1.0
7003,2.0,7.25163161711385,,1.0,3.625815808556925,
7004,0.0,0.0,,1.0,3.348401138456387,
7005,2.0,9.400705052878966,,1.0,4.700352526439483,
7006,2.0,6.76887670491082,1.0,0.0,0.0,
7007,0.0,0.0,,1.0,11.457378551787352,
7008,3.0,11.266336187471834,,7.0,26.288117770767613,
7009,10.0,24.97377753358973,,13.0,32.465910793666644,3.0
7010,0.0,0.0,,0.0,0.0,
7011,3.0,15.559358954411078,,2.0,10.372905969607386,
7012,1.0,2.3159406192825216,,5.0,11.579703096412608,
7013,2.0,6.526989099928203,,3.0,9.790483649892304,
7014,1.0,5.388221348132981,,2.0,10.776442696265962,
7015,3.0,6.847595352765287,,4.0,9.130127137020382,
7016,0.0,0.0,,1.0,5.834305717619603,
7017,6.0,7.681081496274676,,7.0,8.961261745653788,5.0
7018,1.0,11.842728564661298,,0.0,0.0,
7019,7.0,4.964081325835206,,13.0,9.219008176551098,
7020,6.0,13.610997686130393,,2.0,4.536999228710131,
7021,1.0,4.750593824228028,,2.0,9.501187648456057,
7022,1.0,7.129108148570614,,3.0,21.387324445711844,
7023,6.0,7.798183023355558,,2.0,2.5993943411185194,
7024,1.0,9.244707405010631,,0.0,0.0,
7025,0.0,0.0,,1.0,13.638843426077468,
7026,1.0,2.769239289967046,,1.0,2.769239289967046,
7027,11.0,12.556647603392578,,14.0,15.98118785886328,
7028,0.0,0.0,,0.0,0.0,
7029,3.0,59.78477481068154,,0.0,0.0,
7030,2.0,6.34618435665556,,0.0,0.0,
7031,12.0,10.7571221112645,12.0,10.0,8.96426842605375,
7032,3.0,9.977384594918187,,4.0,13.303179459890915,1.0
7033,0.0,0.0,,1.0,14.285714285714286,
7034,9.0,13.430430370679877,,8.0,11.938160329493225,
7035,2.0,15.791551519936833,,0.0,0.0,
7036,0.0,0.0,,1.0,13.751375137513751,
7037,0.0,0.0,,0.0,0.0,
7038,0.0,0.0,,1.0,4.649648951504162,
7039,3.0,13.312034078807242,,3.0,13.312034078807242,
7040,4.0,7.7883136353900975,,11.0,21.417862497322766,
7041,1.0,2.423302476615131,,0.0,0.0,5.0
7042,0.0,0.0,,0.0,0.0,
7043,1.0,9.827044025157234,,0.0,0.0,
7044,0.0,0.0,,1.0,4.078802463596688,1.0
7045,0.0,0.0,,0.0,0.0,
7046,8.0,21.15394785551854,,1.0,2.6442434819398173,
7047,1.0,5.352459455119628,,3.0,16.057378365358883,
7048,4.0,18.971732119142477,,2.0,9.485866059571238,
7049,2.0,9.828492800629023,,1.0,4.914246400314512,
7050,1.0,20.10454362685967,,1.0,20.10454362685967,
7051,6.0,13.66337986473254,,3.0,6.83168993236627,
7052,5.0,4.484948512791074,,3.0,2.690969107674644,1.0
7053,0.0,0.0,,0.0,0.0,
7054,8.0,30.105746434350653,,4.0,15.052873217175327,
7055,0.0,0.0,,2.0,39.7377309755613,
7056,1.0,8.962982880702697,,0.0,0.0,
7057,3.0,4.3403405720568875,,4.0,5.787120762742516,4.0
7058,0.0,0.0,,0.0,0.0,
7059,10.0,5.0282335312781266,,9.0,4.525410178150314,
7060,1.0,8.418925745074928,,0.0,0.0,
7061,14.0,17.060895209544352,,6.0,7.3118122326618655,1.0
7062,1.0,5.8592605613171616,,3.0,17.577781683951486,
7063,1.0,26.371308016877634,,1.0,26.371308016877634,
7064,2.0,4.61361014994233,,1.0,2.306805074971165,1.0
7065,13.0,11.720370003065327,,11.0,9.917236156439893,
7066,11.0,53.426587012482386,,2.0,9.713924911360436,
7067,1.0,9.19963201471941,,1.0,9.19963201471941,
7068,5.0,16.771207191493644,,5.0,16.771207191493644,
7069,8.0,15.974759879390565,,4.0,7.987379939695282,3.0
7070,0.0,0.0,,0.0,0.0,
7071,3.0,10.753073586866913,,1.0,3.584357862288971,
7072,7.0,22.52614641995173,,12.0,38.61625100563154,
7073,0.0,0.0,,2.0,22.217285047767163,
7074,3.0,7.369015745130309,,3.0,7.369015745130309,
7075,0.0,0.0,2.0,2.0,7.833920877399137,
7076,0.0,0.0,,1.0,3.9703021399928535,
7077,1.0,1.7466333641905225,,2.0,3.493266728381045,
7078,11.0,5.916618706196851,,7.0,3.7651209948525417,
7079,8.0,24.198427102238355,,3.0,9.074410163339381,
7080,2.0,5.243426054584066,,7.0,18.351991191044227,
7081,4.0,9.926297242970941,,5.0,12.407871553713678,
7082,3.0,24.45187056809846,,2.0,16.301247045398974,
7083,3.0,17.51824817518248,,0.0,0.0,
7084,1.0,12.399256044637323,,0.0,0.0,
7085,2.0,20.533880903490758,,1.0,10.266940451745379,
7086,2.0,9.50344499881207,,1.0,4.751722499406035,
7087,4.0,11.41031492469192,,12.0,34.230944774075766,
7088,0.0,0.0,,3.0,134.22818791946307,
7089,60.0,18.723611410168793,,40.0,12.482407606779196,
7090,2.0,48.531909730647904,,0.0,0.0,
7091,2.0,16.433853738701725,,1.0,8.216926869350862,
7092,6.0,14.618102083079547,,6.0,14.618102083079547,1.0
7093,1.0,2.483361478096752,1.0,1.0,2.483361478096752,
7094,0.0,0.0,,1.0,2.6590794267024753,
7096,4.0,5.599731212901781,,1.0,1.3999328032254452,
7097,12.0,14.185403220086531,,6.0,7.092701610043266,5.0
7098,0.0,0.0,,0.0,0.0,
7099,3.0,4.122634638376232,,3.0,4.122634638376232,1.0
7100,0.0,0.0,,1.0,3.1522869842070422,
7101,52.0,9.396899745922287,,42.0,7.589803640937233,3.0
7102,5.0,13.249595887325437,,1.0,2.649919177465087,
7103,1.0,3.5540391655116044,,1.0,3.5540391655116044,1.0
7104,0.0,0.0,,0.0,0.0,1.0
7105,1.0,7.0977358222726945,,2.0,14.195471644545389,
7106,15.0,24.453465055998432,1.0,8.0,13.041848029865832,
7107,13.0,17.455053237912377,,10.0,13.426964029163367,1.0
7108,9.0,9.12612302013831,,1.0,1.0140136689042567,5.0
7109,3.0,8.816268954978254,,7.0,20.571294228282593,
7110,0.0,0.0,,0.0,0.0,2.0
7111,1.0,2.7405519471621584,,1.0,2.7405519471621584,1.0
7112,1.0,3.4463744141163497,,2.0,6.892748828232699,
7113,0.0,0.0,,0.0,0.0,
7114,34.0,196.7364888323111,,10.0,57.86367318597385,
7115,0.0,0.0,,0.0,0.0,
7116,4.0,40.58441558441559,,0.0,0.0,
7117,0.0,0.0,,1.0,14.492753623188406,
7118,0.0,0.0,,1.0,22.002200220022,
7119,0.0,0.0,,0.0,0.0,
8001,3.0,26.18486514794449,,2.0,17.456576765296326,
8002,13.0,58.29073625683795,,6.0,26.90341673392521,
8003,5.0,59.46010227137591,,0.0,0.0,
8004,1.0,9.3562874251497,,2.0,18.7125748502994,
8005,9.0,37.53910323253389,,3.0,12.513034410844629,
8006,0.0,0.0,1.0,1.0,16.636167027116954,1.0
8007,19.0,107.51471253961067,,15.0,84.88003621548211,
8008,21.0,146.21918952792092,,13.0,90.51664113633198,
8009,24.0,83.43182924285615,1.0,28.0,97.33713411666551,1.0
8010,3.0,13.406023773348824,1.0,3.0,13.406023773348824,
8011,43.0,88.208747025519,,21.0,43.07869040781161,
8012,3.0,34.110289937464465,1.0,1.0,11.370096645821489,
8013,5.0,47.227732124303394,,3.0,28.336639274582037,1.0
8014,1.0,43.78283712784589,1.0,0.0,0.0,
8015,0.0,0.0,,0.0,0.0,
8016,2.0,50.226017076845814,,0.0,0.0,
8017,32.0,20.693356785804358,1.0,38.0,24.573361183142676,1.0
8018,4.0,73.88252678241595,1.0,1.0,18.470631695603988,1.0
8019,251.0,30.62682495000262,1.0,184.0,22.451537015141366,3.0
8020,12.0,142.16325079966828,,1.0,11.846937566639024,
8021,44.0,31.899082901366587,1.0,13.0,9.424729039040129,
8022,0.0,0.0,2.0,1.0,34.35245620061835,1.0
8023,0.0,0.0,,0.0,0.0,1.0
8024,2.0,50.80010160020319,2.0,1.0,25.400050800101596,2.0
8025,1.0,11.595547309833025,1.0,0.0,0.0,2.0
8026,12.0,373.948270489249,1.0,3.0,93.48706762231225,1.0
8027,47.0,94.58833947151281,,41.0,82.51323230493671,1.0
8028,5.0,77.4233508826262,,3.0,46.45401052957572,
8029,110.0,205.61131983775397,,81.0,151.4046991532552,
8030,13.0,144.476550344521,,6.0,66.68148477439432,
8031,9.0,22.712360571342046,2.0,11.0,27.759551809418056,1.0
8032,52.0,48.57044115037222,,55.0,51.37258198597062,
8033,0.0,0.0,,0.0,0.0,
8034,1.0,14.421690222094028,,1.0,14.421690222094028,1.0
8035,3.0,27.389756231169542,,2.0,18.25983748744636,
8036,49.0,118.74469889737065,1.0,24.0,58.160668847691745,2.0
8037,453.0,34.005664608060314,,388.0,29.126264609111267,
8038,3.0,60.56935190793458,,1.0,20.189783969311527,
8039,3.0,74.53416149068323,2.0,1.0,24.84472049689441,2.0
8040,10.0,33.77123366316572,2.0,7.0,23.639863564216,2.0
8041,3.0,156.16866215512755,,1.0,52.05622071837585,
8042,0.0,0.0,,0.0,0.0,
8043,1.0,32.21649484536083,,0.0,0.0,
8044,1.0,22.22716159146477,,3.0,66.68148477439432,
8045,22.0,50.19049574521479,1.0,12.0,27.376634042844433,2.0
8046,16.0,191.77753805585522,,8.0,95.88876902792761,1.0
8047,8.0,150.60240963855424,1.0,5.0,94.12650602409639,1.0
8048,4.0,17.482517482517483,5.0,4.0,17.482517482517483,2.0
8049,0.0,0.0,,0.0,0.0,1.0
8050,4.0,6.7411564453882065,1.0,8.0,13.482312890776413,3.0
8051,11.0,145.7725947521866,1.0,3.0,39.7561622051418,1.0
8052,6.0,22.81021897810219,2.0,13.0,49.422141119221415,
8053,3.0,62.5130235465722,,5.0,104.18837257762034,
8054,4.0,49.92511233150275,1.0,2.0,24.962556165751376,1.0
8055,13.0,77.45010425975573,1.0,8.0,47.66160262138815,
8056,1.0,44.742729306487696,,0.0,0.0,
8057,0.0,0.0,1.0,0.0,0.0,1.0
8058,1.0,33.523298692591354,,0.0,0.0,
8059,6.0,126.23606143488324,,3.0,63.11803071744162,
8060,1.0,9.59048623765225,,3.0,28.771458712956747,
8061,2.0,54.61496450027307,1.0,0.0,0.0,
8062,14.0,43.31013147718484,,5.0,15.467904098994586,
8063,5.0,80.50233456770246,1.0,5.0,80.50233456770246,1.0
8064,0.0,0.0,,0.0,0.0,
8065,32.0,156.97046993034436,2.0,31.0,152.0651427450211,
8066,10.0,121.95121951219512,,6.0,73.17073170731707,1.0
8067,7.0,137.12047012732614,,0.0,0.0,
9002,22.0,5.304899074295112,,35.0,8.439612163651313,
9003,28.0,4.513100887146689,,34.0,5.480193934392408,
9004,12.0,6.438079091801643,,9.0,4.828559318851233,
9005,135.0,11.384988007812632,,122.0,10.288655829282526,
9006,18.0,4.683523883369848,,31.0,8.06606891024807,
9007,149.0,8.205812799525935,,160.0,8.811611059893622,
9008,10.0,4.182595384087734,,8.0,3.346076307270187,
9009,9.0,6.892220979920663,,7.0,5.360616317716071,
9010,56.0,7.7025283549325065,,55.0,7.564983205737284,
9011,38.0,10.547791209248746,,43.0,11.935658473623583,
9012,44.0,6.7633310635184385,,37.0,5.687346576140505,
9013,28.0,6.746874149110738,,36.0,8.674552477428092,
9014,18.0,4.669999662722247,,15.0,3.891666385601872,
9015,71.0,13.350105578651863,,70.0,13.162075922614516,
9016,38.0,10.19070018155537,,31.0,8.313465937584642,
9017,70.0,16.242128368501408,,56.0,12.993702694801126,
9998,,,,0.0,,
10001,3.0,9.553835865099838,,3.0,9.553835865099838,3.0
10002,0.0,0.0,3.0,0.0,0.0,2.0
10003,0.0,0.0,,0.0,0.0,
10004,6.0,17.823193916349812,1.0,4.0,11.88212927756654,1.0
10005,82.0,14.082886373433494,9.0,44.0,7.556670736964314,9.0
10006,0.0,0.0,,0.0,0.0,5.0
10007,145.0,44.20933884171532,,69.0,21.03754744881626,
10008,4.0,11.74674027957242,2.0,0.0,0.0,7.0
10009,10.0,98.53187506158243,,4.0,39.41275002463297,3.0
10010,0.0,0.0,5.0,0.0,0.0,2.0
10011,0.0,0.0,4.0,0.0,0.0,11.0
10012,60.0,42.54021823131953,1.0,35.0,24.81512730160306,
10013,1.0,3.9781994669212715,1.0,5.0,19.890997334606357,4.0
10014,20.0,59.8874116660678,,9.0,26.949335249730506,
10015,2.0,16.11473692691967,3.0,1.0,8.057368463459834,4.0
10016,2.0,10.817827780181739,5.0,0.0,0.0,5.0
10017,0.0,0.0,,0.0,0.0,1.0
10018,15.0,132.5088339222615,2.0,4.0,35.33568904593639,3.0
10019,0.0,0.0,,0.0,0.0,
10020,0.0,0.0,9.0,2.0,16.768676113020877,5.0
10021,0.0,0.0,2.0,0.0,0.0,9.0
10022,2.0,8.026326350429407,6.0,2.0,8.026326350429407,6.0
10023,22.0,44.75001017045686,1.0,43.0,87.46592896952932,
10024,1.0,7.819831091648421,2.0,0.0,0.0,10.0
10025,0.0,0.0,1.0,0.0,0.0,4.0
10026,35.0,177.74617845716318,,8.0,40.62769793306587,
10027,0.0,0.0,,0.0,0.0,2.0
10028,5.0,42.17629692113032,3.0,3.0,25.305778152678194,3.0
10029,0.0,0.0,6.0,0.0,0.0,4.0
10030,0.0,0.0,2.0,0.0,0.0,1.0
10031,0.0,0.0,2.0,0.0,0.0,2.0
10032,14.0,31.134635057599077,,23.0,51.14975759462705,
10033,0.0,0.0,2.0,0.0,0.0,
10034,22.0,83.43446601941747,3.0,42.0,159.28398058252426,2.0
10035,5.0,46.53327128897162,11.0,9.0,83.75988832014892,16.0
10036,6.0,26.9735659054127,22.0,2.0,8.991188635137565,15.0
10037,1.0,11.653653420347279,8.0,0.0,0.0,4.0
10038,5.0,23.67760572050954,6.0,2.0,9.471042288203817,7.0
10039,8.0,30.660738923808065,3.0,1.0,3.832592365476008,3.0
11001,6.0,7.1147369918892,9.0,1.0,1.1857894986482,1.0
11002,22.0,20.177932679079152,,33.0,30.26689901861873,16.0
11003,19.0,11.846642100471994,1.0,10.0,6.235074789722103,
11004,7.0,10.863998261760278,8.0,4.0,6.207999006720159,4.0
11005,12.0,14.064862457365885,1.0,7.0,8.2045031001301,2.0
11006,0.0,0.0,,0.0,0.0,
11007,65.0,13.8749842572294,,74.0,15.79613592361501,
11008,4.0,10.768609503297887,1.0,4.0,10.768609503297887,
11009,8.0,10.283569426948093,,8.0,10.283569426948093,1.0
11010,1.0,8.553588230262596,15.0,3.0,25.660764690787786,24.0
11011,8.0,9.05008088509791,2.0,18.0,20.3626819914703,5.0
11012,4.0,14.647722279185587,5.0,2.0,7.323861139592793,
11013,2.0,8.574858514834505,13.0,3.0,12.862287772251758,34.0
11014,16.0,10.798188603861702,,27.0,18.221943269016624,
11015,10.0,5.823806556441421,5.0,15.0,8.735709834662131,5.0
11016,0.0,0.0,3.0,0.0,0.0,1.0
11017,51.0,9.632819582955575,5.0,58.0,10.954971290420067,1.0
11018,0.0,0.0,3.0,2.0,5.466870763175159,
11019,8.0,15.738117721120554,2.0,16.0,31.47623544224111,18.0
11020,167.0,11.625640454444197,15.0,166.0,11.556025840944532,26.0
11021,2.0,4.051535531966615,2.0,14.0,28.36074872376631,1.0
11022,0.0,0.0,14.0,0.0,0.0,11.0
11023,38.0,25.344146835983352,,40.0,26.678049301035106,
11024,2.0,17.90670606142,2.0,4.0,35.81341212284,4.0
11025,10.0,14.53594011192674,2.0,2.0,2.907188022385348,5.0
11026,8.0,14.120554231753598,,6.0,10.590415673815198,4.0
11027,25.0,9.58838961078809,2.0,39.0,14.95788779282942,1.0
11028,18.0,18.54637624415274,8.0,14.0,14.424959301007686,5.0
11029,1.0,2.6951998490688083,,2.0,5.3903996981376165,40.0
11030,14.0,13.089984292018851,14.0,8.0,7.47999102401077,
11031,16.0,14.088227524874526,4.0,15.0,13.20771330456987,9.0
11032,8.0,11.048045186504813,18.0,6.0,8.28603388987861,5.0
11033,16.0,13.834128795739089,,7.0,6.052431348135851,3.0
11034,0.0,0.0,,1.0,19.53125,
11035,16.0,20.198449768980232,6.0,15.0,18.936046658418967,5.0
11036,0.0,0.0,,0.0,0.0,24.0
11037,16.0,9.247272054743851,,24.0,13.870908082115776,
11038,1.0,8.590327291469805,,5.0,42.951636457349025,5.0
11039,6.0,16.867673104495235,8.0,2.0,5.622557701498412,
11040,0.0,0.0,,1.0,5.502063273727648,
11041,7.0,11.803389258915773,8.0,15.0,25.292976983390943,
11042,10.0,7.08928242283316,,15.0,10.633923634249742,10.0
11043,1.0,5.045408678102927,,1.0,5.045408678102927,
11044,8.0,14.341543867197306,11.0,13.0,23.305008784195618,14.0
11045,0.0,0.0,,0.0,0.0,
11046,8.0,11.302308496510411,7.0,9.0,12.715097058574214,7.0
12001,883.0,111.77625507771803,,590.0,74.68628595226913,1.0
12002,0.0,0.0,,0.0,0.0,
12003,16.0,41.88152762872026,,18.0,47.116718582310284,
12004,4.0,21.084813662959252,,5.0,26.356017078699065,
12005,0.0,0.0,,5.0,75.33524182612626,
12006,12.0,96.86011784647671,1.0,8.0,64.57341189765114,5.0
12007,15.0,46.611354525962525,,18.0,55.933625431155036,
12008,0.0,0.0,,1.0,11.918951132300357,1.0
12009,0.0,0.0,,4.0,70.10164738871364,
12010,1.0,3.7963630841653697,,1.0,3.7963630841653697,
12011,60.0,97.85374127470807,7.0,38.0,61.974036140648444,6.0
12012,17.0,27.117562609666614,3.0,11.0,17.546658159196046,1.0
12013,15.0,103.95730819876637,,8.0,55.443897706008734,
12014,0.0,0.0,3.0,5.0,33.291164524935084,3.0
12015,0.0,0.0,3.0,2.0,15.762925598991172,10.0
12016,2.0,15.355086372360844,1.0,2.0,15.355086372360844,1.0
12017,3.0,20.398449717821446,10.0,3.0,20.398449717821446,13.0
12018,1.0,7.333528894103843,3.0,1.0,7.333528894103843,
12019,1.0,6.91754288876591,,0.0,0.0,
12020,6.0,31.821797931583138,,3.0,15.910898965791569,
12021,106.0,144.2962156275524,1.0,48.0,65.34168254832562,1.0
12022,67.0,159.2621645392094,3.0,26.0,61.80322803014096,
12023,18.0,69.43908649023994,1.0,13.0,50.150451354062184,
12024,2.0,28.542885685742828,,1.0,14.271442842871414,
12025,1.0,6.615944426066822,,1.0,6.615944426066822,
12026,1.0,10.909884355225834,1.0,1.0,10.909884355225834,
12027,1.0,4.67551898260707,,5.0,23.37759491303535,
12028,46.0,38.08262273367001,5.0,55.0,45.533570659822836,1.0
12029,164.0,67.84793787776616,3.0,166.0,68.67535175432428,2.0
12030,5.0,24.783147459727388,4.0,10.0,49.566294919454776,
12031,2.0,31.740993493096333,1.0,1.0,15.870496746548167,
12032,16.0,43.732575302028096,2.0,9.0,24.599573607390802,
12033,3.0,20.843465573542694,1.0,5.0,34.739109289237824,1.0
12034,6.0,16.058237876030404,2.0,8.0,21.410983834707206,2.0
12035,107.0,76.23091555466897,8.0,73.0,52.00800780832556,23.0
12036,4.0,36.98566805362922,,3.0,27.739251040221912,
12037,1.0,15.144631228229592,3.0,2.0,30.289262456459184,2.0
12038,65.0,54.98642258334672,,35.0,29.60807369872516,
12039,11.0,45.14857987194221,,6.0,24.62649811196848,1.0
12040,13.0,52.58899676375405,,0.0,0.0,
12041,4.0,13.513970066556302,,7.0,23.64944761647353,
12042,0.0,0.0,1.0,4.0,22.596316800361542,
12043,1.0,5.269814502529511,,3.0,15.809443507588533,
12044,1.0,8.79043600562588,,0.0,0.0,2.0
12045,2.0,8.089633135137321,1.0,3.0,12.134449702705982,
12046,49.0,79.92692395524092,1.0,40.0,65.24646853489055,
12047,1.0,14.330753797649757,,6.0,85.98452278589853,
12048,15.0,33.34889615153738,,6.0,13.339558460614953,1.0
12049,6.0,51.91209551825575,3.0,3.0,25.956047759127873,3.0
12050,28.0,75.60415822870259,,16.0,43.20237613068719,
12051,2.0,5.759041695461875,,2.0,5.759041695461875,1.0
12052,7.0,16.525023607176582,,6.0,14.164305949008497,
12053,17.0,35.05082369435682,,9.0,18.5563184264242,
12054,31.0,110.67871041450961,,13.0,46.41365275447178,
12055,26.0,24.987266104773525,28.0,19.0,18.259925230411422,27.0
12056,4.0,9.074616030309217,,6.0,13.611924045463827,
12057,42.0,67.66444877640122,,23.0,37.054340996600665,2.0
12058,45.0,83.69134631479105,,44.0,81.8315386189068,8.0
12059,4.0,13.127666557269444,1.0,1.0,3.281916639317361,1.0
12060,1.0,7.617306520414382,5.0,1.0,7.617306520414382,5.0
12061,13.0,32.452943232313146,1.0,14.0,34.94932348095262,3.0
12062,4.0,18.774054257016804,,6.0,28.161081385525204,
12063,0.0,0.0,,0.0,0.0,
12064,1.0,8.699434536755112,,3.0,26.098303610265333,
12065,2.0,28.18489289740699,,2.0,28.18489289740699,
12066,37.0,45.44393814711554,,26.0,31.93357815743254,
12067,3.0,13.749484394335212,,5.0,22.915807323892018,3.0
12068,32.0,124.45550715619166,1.0,24.0,93.34163036714375,1.0
12069,1.0,8.169934640522875,,3.0,24.509803921568626,
12070,1.0,14.126289023873428,,0.0,0.0,
12071,5.0,17.80056249777493,,3.0,10.680337498664958,
12072,2.0,19.01863826550019,,2.0,19.01863826550019,
12073,2.0,10.630946685802371,2.0,3.0,15.946420028703555,
12074,0.0,0.0,,1.0,4.427325452694028,
12075,5.0,10.832358421075437,1.0,11.0,23.83118852636596,
12076,8.0,24.39619419370578,,0.0,0.0,
12077,4.0,30.97893432465923,,4.0,30.97893432465923,
12078,2.0,10.650761529449355,,3.0,15.976142294174032,
12079,0.0,0.0,,0.0,0.0,
12080,4.0,55.81914596706671,1.0,1.0,13.954786491766678,5.0
12081,0.0,0.0,,0.0,0.0,
13001,1.0,4.980823828261195,1.0,1.0,4.980823828261195,1.0
13002,1.0,2.4640859473178423,,1.0,2.4640859473178423,1.0
13003,6.0,11.049927254645574,5.0,2.0,3.683309084881858,10.0
13004,1.0,11.1185234600845,,0.0,0.0,
13005,0.0,0.0,,0.0,0.0,
13006,0.0,0.0,4.0,0.0,0.0,3.0
13007,1.0,8.854258898530192,,0.0,0.0,2.0
13008,1.0,2.3494584498273148,,3.0,7.048375349481945,
13009,2.0,11.511453896627144,8.0,0.0,0.0,3.0
13010,0.0,0.0,,0.0,0.0,1.0
13011,0.0,0.0,,0.0,0.0,3.0
13012,1.0,3.7119524870081664,3.0,3.0,11.1358574610245,5.0
13013,2.0,6.435420554733252,,1.0,3.217710277366626,
13014,1.0,5.895531187359981,,1.0,5.895531187359981,2.0
13015,0.0,0.0,3.0,0.0,0.0,
13016,5.0,9.174311926605505,,5.0,9.174311926605505,
13017,0.0,0.0,,1.0,8.149295085975064,
13018,1.0,4.463887152932774,1.0,1.0,4.463887152932774,1.0
13019,1.0,5.735260380821289,4.0,1.0,5.735260380821289,
13020,0.0,0.0,,0.0,0.0,
13021,0.0,0.0,,0.0,0.0,
13022,0.0,0.0,3.0,1.0,7.230657989877079,4.0
13023,1.0,2.9497654936432554,,2.0,5.899530987286511,
13024,1.0,5.820044232336166,1.0,0.0,0.0,
13025,0.0,0.0,,0.0,0.0,1.0
13026,0.0,0.0,,0.0,0.0,
13027,0.0,0.0,,0.0,0.0,
13028,5.0,4.068182742768805,,5.0,4.068182742768805,2.0
13029,3.0,6.7792014100738935,,3.0,6.7792014100738935,3.0
13030,3.0,3.473709806282783,7.0,4.0,4.6316130750437114,8.0
13031,2.0,15.620118712902217,1.0,0.0,0.0,
13032,0.0,0.0,,0.0,0.0,
13033,0.0,0.0,,0.0,0.0,
13034,0.0,0.0,,0.0,0.0,2.0
13035,0.0,0.0,,1.0,8.749671887304226,
13036,2.0,21.358393848782573,2.0,1.0,10.679196924391286,3.0
13037,1.0,4.624705175045091,3.0,2.0,9.249410350090182,
13038,0.0,0.0,1.0,0.0,0.0,
13039,0.0,0.0,,0.0,0.0,
13040,0.0,0.0,1.0,1.0,9.567546880979718,2.0
13041,0.0,0.0,3.0,1.0,2.3345940141009476,1.0
13042,3.0,26.764207333392807,1.0,1.0,8.92140244446427,3.0
13043,0.0,0.0,1.0,0.0,0.0,1.0
13044,0.0,0.0,,0.0,0.0,
13045,0.0,0.0,4.0,1.0,11.156978690170702,
13046,1.0,2.5522574717337485,,0.0,0.0,
13047,0.0,0.0,,0.0,0.0,
13048,14.0,5.226571891496367,5.0,23.0,8.586510964601176,2.0
13049,1.0,5.481254110940584,,3.0,16.44376233282175,
13050,0.0,0.0,,0.0,0.0,
13051,1.0,0.7849047125678943,,3.0,2.3547141377036827,6.0
13052,1.0,3.1194434912811553,,2.0,6.238886982562311,
13053,4.0,22.05436400727794,,2.0,11.02718200363897,
13054,2.0,6.102584444512251,6.0,1.0,3.0512922222561256,7.0
13055,1.0,6.244536030972898,3.0,0.0,0.0,
13056,0.0,0.0,5.0,2.0,5.971040453799075,4.0
13057,1.0,6.733553296074339,,0.0,0.0,1.0
13058,0.0,0.0,9.0,0.0,0.0,5.0
13059,1.0,2.851683919354379,,2.0,5.703367838708758,
13060,1.0,5.81192607230036,,1.0,5.81192607230036,
13061,3.0,5.806751316196965,,3.0,5.806751316196965,1.0
13062,1.0,3.433476394849785,,2.0,6.86695278969957,
13063,5.0,6.202550488760979,,4.0,4.962040391008783,
13064,1.0,10.060362173038229,,0.0,0.0,
13065,1.0,8.999280057595392,,0.0,0.0,
13066,0.0,0.0,2.0,3.0,25.74223442594817,2.0
13067,2.0,4.164497657470068,,4.0,8.328995314940135,
13068,0.0,0.0,,2.0,14.24805870200185,
13069,5.0,5.130257231097567,,11.0,11.286565908414648,
13070,3.0,17.489651955926078,2.0,1.0,5.829883985308692,
13071,0.0,0.0,,1.0,10.253255408592228,
13072,0.0,0.0,,0.0,0.0,2.0
13073,2.0,5.497223901929526,,1.0,2.748611950964763,
13074,0.0,0.0,,0.0,0.0,1.0
13075,0.0,0.0,1.0,1.0,7.559721802237678,
13076,14.0,13.472031101146085,,7.0,6.736015550573042,
13077,9.0,5.937302089930335,,9.0,5.937302089930335,1.0
13078,0.0,0.0,,0.0,0.0,
13079,0.0,0.0,,1.0,13.66120218579235,
13080,1.0,4.236031685517008,,2.0,8.472063371034016,
13081,2.0,6.165798316737059,,1.0,3.0828991583685297,
13082,1.0,5.544466622310933,,0.0,0.0,
13083,0.0,0.0,,3.0,7.664205605089033,3.0
13084,1.0,2.5963236057742236,,3.0,7.788970817322671,
14001,0.0,0.0,7.0,,,6.0
14002,0.0,0.0,,,,
14003,0.0,0.0,4.0,,,
14004,0.0,0.0,3.0,,,6.0
14005,0.0,0.0,5.0,,,
14006,0.0,0.0,2.0,,,1.0
14007,0.0,0.0,4.0,,,
14008,0.0,0.0,,,,
14009,0.0,0.0,,,,
14010,0.0,0.0,3.0,,,2.0
14011,0.0,0.0,2.0,,,3.0
14012,0.0,0.0,,,,1.0
14013,0.0,0.0,2.0,,,2.0
14014,0.0,0.0,6.0,,,3.0
14015,0.0,0.0,4.0,,,3.0
14016,0.0,0.0,10.0,,,12.0
14017,0.0,0.0,9.0,,,4.0
14018,0.0,0.0,2.0,,,
14019,0.0,0.0,1.0,,,
14020,0.0,0.0,2.0,,,
14021,0.0,0.0,3.0,,,
14022,0.0,0.0,,,,
14023,7.0,6.962818548948615,5.0,2.0,1.9893767282710326,
14024,0.0,0.0,,,,
14025,0.0,0.0,6.0,,,
14026,0.0,0.0,3.0,,,16.0
14027,0.0,0.0,6.0,,,4.0
14028,0.0,0.0,3.0,,,1.0
14029,0.0,0.0,11.0,,,2.0
14030,0.0,0.0,2.0,,,
14031,0.0,0.0,,,,1.0
14032,0.0,0.0,1.0,,,4.0
14033,0.0,0.0,2.0,,,2.0
14034,0.0,0.0,2.0,,,2.0
14035,0.0,0.0,3.0,,,
14036,0.0,0.0,3.0,,,
14037,0.0,0.0,1.0,,,1.0
14038,0.0,0.0,1.0,,,1.0
14039,157.0,10.500344772466892,14.0,95.0,6.35371180499589,11.0
14040,0.0,0.0,2.0,,,2.0
14041,0.0,0.0,,,,
14042,0.0,0.0,1.0,,,2.0
14043,0.0,0.0,3.0,,,6.0
14044,0.0,0.0,,,,
14045,0.0,0.0,1.0,,,2.0
14046,0.0,0.0,4.0,,,10.0
14047,0.0,0.0,,,,1.0
14048,0.0,0.0,4.0,,,
14049,0.0,0.0,4.0,,,
14050,0.0,0.0,3.0,,,1.0
14051,0.0,0.0,1.0,,,
14052,0.0,0.0,4.0,,,8.0
14053,12.0,7.801478380153039,2.0,11.0,7.151355181806953,1.0
14054,0.0,0.0,,,,4.0
14055,0.0,0.0,3.0,,,4.0
14056,0.0,0.0,3.0,,,3.0
14057,0.0,0.0,,,,
14058,0.0,0.0,3.0,,,2.0
14059,0.0,0.0,1.0,,,
14060,0.0,0.0,10.0,,,6.0
14061,0.0,0.0,,,,
14062,0.0,0.0,2.0,,,
14063,24.0,25.81561199135177,6.0,7.0,7.529553497477599,
14064,0.0,0.0,1.0,,,3.0
14065,0.0,0.0,1.0,,,
14066,0.0,0.0,2.0,,,6.0
14067,35.0,13.688932693473507,1.0,18.0,7.04002252807209,1.0
14068,0.0,0.0,3.0,,,3.0
14069,0.0,0.0,7.0,,,4.0
14070,54.0,39.0664563830249,3.0,29.0,20.980133983476335,2.0
14071,0.0,0.0,2.0,,,1.0
14072,0.0,0.0,10.0,,,
14073,0.0,0.0,,,,
14074,0.0,0.0,2.0,,,10.0
14075,0.0,0.0,2.0,,,
14076,0.0,0.0,4.0,,,1.0
14077,0.0,0.0,5.0,,,1.0
14078,0.0,0.0,9.0,,,22.0
14079,0.0,0.0,2.0,,,7.0
14080,0.0,0.0,,,,
14081,0.0,0.0,3.0,,,1.0
14082,0.0,0.0,2.0,,,
14083,0.0,0.0,24.0,,,13.0
14084,0.0,0.0,2.0,,,4.0
14085,0.0,0.0,2.0,,,3.0
14086,0.0,0.0,3.0,,,3.0
14087,0.0,0.0,,,,
14088,0.0,0.0,14.0,,,8.0
14089,0.0,0.0,,,,
14090,0.0,0.0,,,,
14091,0.0,0.0,1.0,,,3.0
14092,0.0,0.0,2.0,,,
14093,0.0,0.0,,7.0,5.142407969263092,
14094,0.0,0.0,2.0,,,
14095,0.0,0.0,5.0,,,
14096,0.0,0.0,1.0,,,2.0
14097,63.0,15.12147585604355,3.0,51.0,12.241194740606682,
14098,104.0,17.102056522296806,1.0,83.0,13.648756647602259,
14099,0.0,0.0,1.0,,,3.0
14100,0.0,0.0,,,,1.0
14101,70.0,14.623273148119134,11.0,50.0,10.445195105799382,4.0
14102,0.0,0.0,22.0,,,4.0
14103,0.0,0.0,,,,
14104,0.0,0.0,3.0,,,
14105,0.0,0.0,,,,
14106,0.0,0.0,4.0,,,6.0
14107,0.0,0.0,4.0,,,7.0
14108,0.0,0.0,2.0,,,
14109,0.0,0.0,11.0,,,12.0
14110,0.0,0.0,,,,
14111,0.0,0.0,7.0,,,
14112,0.0,0.0,4.0,,,
14113,0.0,0.0,3.0,,,6.0
14114,0.0,0.0,,,,
14115,0.0,0.0,6.0,,,5.0
14116,0.0,0.0,10.0,,,11.0
14117,0.0,0.0,10.0,,,6.0
14118,0.0,0.0,16.0,,,9.0
14119,0.0,0.0,8.0,,,3.0
14120,217.0,17.44715201373903,1.0,99.0,7.959760596129788,3.0
14121,0.0,0.0,2.0,,,8.0
14122,0.0,0.0,6.0,,,
14123,0.0,0.0,5.0,,,
14124,0.0,0.0,4.0,,,
14125,0.0,0.0,9.0,,,24.0
15001,2.0,3.2831018746511704,,3.0,4.924652811976756,1.0
15002,19.0,13.91350195521317,,21.0,15.378081108393502,
15003,4.0,8.923989915891395,,2.0,4.461994957945698,
15004,0.0,0.0,,1.0,6.731287022078622,1.0
15005,10.0,6.772635842143403,,4.0,2.7090543368573616,1.0
15006,0.0,0.0,,3.0,27.558331802314896,
15007,4.0,17.491691446562882,,1.0,4.3729228616407205,
15008,0.0,0.0,,6.0,22.784233310549098,3.0
15009,7.0,14.4565374527581,,6.0,12.391317816649801,
15010,4.0,14.534355583009338,,4.0,14.534355583009338,
15011,3.0,5.333997119641555,,10.0,17.779990398805182,
15012,2.0,19.41936110301971,,1.0,9.709680551509855,
15013,53.0,10.817717379989672,,55.0,11.225933130177962,
15014,5.0,5.335154399368318,,1.0,1.0670308798736634,
15015,0.0,0.0,,2.0,7.229873838701515,
15016,1.0,3.912516139129074,1.0,5.0,19.56258069564537,1.0
15017,1.0,11.28158844765343,,0.0,0.0,
15018,2.0,4.25233346799056,,2.0,4.25233346799056,
15019,3.0,8.797395970792646,1.0,0.0,0.0,
15020,28.0,10.069624259163357,,38.0,13.665918637435986,
15021,0.0,0.0,1.0,3.0,8.29324929507381,3.0
15022,2.0,16.471750947125678,,0.0,0.0,
15023,11.0,28.183448629259544,,19.0,48.68050217781194,
15024,19.0,13.565711592971534,,16.0,11.423757130923397,
15025,58.0,18.701834714474575,,39.0,12.575371618353595,
15026,0.0,0.0,,1.0,3.629632318246162,
15027,0.0,0.0,,1.0,10.334849111202976,
15028,2.0,7.636210912145394,,2.0,7.636210912145394,
15029,23.0,13.138877939823939,,18.0,10.282600126818734,
15030,1.0,4.382312984793374,,2.0,8.764625969586747,
15031,96.0,15.6236522565599,,105.0,17.08836965561239,
15032,2.0,5.9781796442983115,,1.0,2.9890898221491558,
15033,312.0,18.839362432499833,,349.0,21.073517592764237,
15034,0.0,0.0,,0.0,0.0,
15035,22.0,21.99494116353239,,24.0,23.99448126930806,
15036,1.0,2.508528998595224,,5.0,12.542644992976118,
15037,24.0,9.910516296605234,,31.0,12.801083549781762,
15038,1.0,9.701202949165696,,2.0,19.40240589833139,
15039,38.0,8.130759733910189,,32.0,6.846955565398055,
15040,3.0,8.944277153334724,,5.0,14.907128588891206,
15041,0.0,0.0,1.0,0.0,0.0,1.0
15042,14.0,9.895251692794842,1.0,4.0,2.827214769369955,
15043,1.0,3.722315280104225,,1.0,3.722315280104225,
15044,2.0,7.596475235490732,,1.0,3.798237617745366,
15045,17.0,20.29729568383977,,11.0,13.133544266013969,
15046,2.0,11.129660545353365,,4.0,22.25932109070673,
15047,2.0,2.897249062015616,2.0,2.0,2.897249062015616,
15048,1.0,1.633880138553036,1.0,0.0,0.0,1.0
15049,2.0,15.576323987538942,,0.0,0.0,
15050,5.0,21.279312252627996,,1.0,4.255862450525599,
15051,13.0,9.643988456887662,,10.0,7.418452659144355,
15052,2.0,7.805182641273806,1.0,4.0,15.610365282547612,1.0
15053,7.0,13.93312101910828,,7.0,13.93312101910828,
15054,13.0,6.070171178827243,,15.0,7.004043667877587,
15055,2.0,17.07650273224044,,2.0,17.07650273224044,
15056,0.0,0.0,1.0,4.0,14.071624569056496,1.0
15057,121.0,14.512238854660529,,123.0,14.752110571266487,
15058,169.0,15.217479391120735,,145.0,13.056417229068085,
15059,6.0,18.932820043545487,,7.0,22.088290050803067,
15060,28.0,7.637710650787502,,34.0,9.27436293309911,
15061,3.0,33.72681281618887,,0.0,0.0,
15062,8.0,12.943936574710783,,5.0,8.08996035919424,
15063,7.0,22.010502153884854,,5.0,15.721787252774893,
15064,1.0,2.90309469894908,,0.0,0.0,1.0
15065,7.0,20.448702967983174,1.0,5.0,14.606216405702266,
15066,0.0,0.0,,2.0,41.118421052631575,1.0
15067,4.0,5.1186241138382,,6.0,7.677936170757301,
15068,2.0,7.351049362296468,,5.0,18.37762340574117,
15069,0.0,0.0,,0.0,0.0,
15070,49.0,19.30311804447596,,41.0,16.151588567826824,
15071,1.0,7.691124442393479,,0.0,0.0,1.0
15072,0.0,0.0,,0.0,0.0,
15073,1.0,4.5142650776453594,,1.0,4.5142650776453594,
15074,5.0,4.118751853438335,,7.0,5.766252594813667,
15075,3.0,12.071948814937024,,3.0,12.071948814937024,1.0
15076,5.0,6.889045040576476,,3.0,4.1334270243458855,
15077,0.0,0.0,,0.0,0.0,
15078,0.0,0.0,,1.0,10.975743606629349,
15079,1.0,8.476012883539582,,3.0,25.42803865061875,1.0
15080,1.0,3.8746173815335734,1.0,1.0,3.8746173815335734,
15081,42.0,11.520136925056024,,65.0,17.828783336396228,
15082,6.0,8.44154930568257,1.0,7.0,9.848474189962998,4.0
15083,2.0,17.84758165268606,,0.0,0.0,
15084,2.0,5.5575624531080665,,9.0,25.0090310389863,1.0
15085,3.0,4.785070579791052,1.0,5.0,7.975117632985087,1.0
15086,3.0,9.12686340127776,1.0,8.0,24.33830240340736,1.0
15087,5.0,5.554938340184425,1.0,9.0,9.998889012331963,1.0
15088,5.0,5.497767906230071,1.0,3.0,3.298660743738042,1.0
15089,0.0,0.0,,0.0,0.0,
15090,3.0,3.8478804591804017,,2.0,2.565253639453601,
15091,8.0,12.675275291135229,,18.0,28.519369405054267,
15092,5.0,9.432182607055273,,11.0,20.7508017355216,
15093,1.0,3.5785857429144,,2.0,7.1571714858288,
15094,1.0,5.456430403230207,,0.0,0.0,
15095,15.0,16.937860635282693,,15.0,16.937860635282693,
15096,1.0,2.949243519037367,,3.0,8.8477305571121,
15097,2.0,11.500862564692351,,1.0,5.750431282346176,1.0
15098,0.0,0.0,,3.0,58.69692819409117,
15099,23.0,9.780949262388848,,16.0,6.80413861731398,
15100,2.0,5.6819796016932305,,5.0,14.204949004233073,
15101,6.0,8.488724144761044,1.0,7.0,9.903511502221216,1.0
15102,2.0,12.994607237996233,,0.0,0.0,1.0
15103,7.0,15.174506828528072,,3.0,6.503360069369174,
15104,118.0,17.765064548910384,,130.0,19.57168128269788,
15105,0.0,0.0,,3.0,9.091735612328394,
15106,100.0,12.201654300290034,,47.0,5.734777521136316,
15107,2.0,16.530291759649558,,1.0,8.265145879824779,1.0
15108,18.0,13.681242256796915,,15.0,11.401035213997432,
15109,75.0,15.400473923917552,,90.0,18.480568708701064,
15110,12.0,19.480835727852725,,15.0,24.351044659815905,
15111,2.0,4.1920811586912325,,2.0,4.1920811586912325,
15112,2.0,4.456228693656558,,2.0,4.456228693656558,
15113,4.0,6.66766681668917,1.0,2.0,3.333833408344585,
15114,8.0,8.477360150049275,,5.0,5.298350093780797,
15115,3.0,6.475146230385702,,5.0,10.791910383976171,
15116,1.0,24.685262898049864,,2.0,49.37052579609973,
15117,3.0,19.83995767475696,,4.0,26.45327689967595,1.0
15118,16.0,9.537491282136875,,12.0,7.153118461602656,1.0
15119,1.0,6.110601894286588,1.0,2.0,12.221203788573176,
15120,24.0,15.03316692452724,1.0,13.0,8.142965417452254,1.0
15121,72.0,14.07143206136708,,76.0,14.853178286998583,
15122,44.0,12.302702400425003,,72.0,20.131694837059097,
15123,5.0,17.997912242179908,1.0,11.0,39.5954069327958,1.0
15124,7.0,7.663254693743499,,2.0,2.189501341069571,1.0
15125,3.0,29.365700861393893,,8.0,78.30853563038372,
16001,4.0,36.40666241922272,1.0,0.0,0.0,
16002,9.0,55.507586036758354,1.0,8.0,49.34007647711854,
16003,5.0,23.90857361449816,6.0,3.0,14.345144168698896,4.0
16004,1.0,6.810133478616181,,1.0,6.810133478616181,
16005,0.0,0.0,,0.0,0.0,
16006,71.0,57.420601864956446,2.0,44.0,35.58459833884625,1.0
16007,0.0,0.0,,0.0,0.0,
16008,11.0,46.73691366417403,,7.0,29.741672331747115,
16009,4.0,11.47842056932966,3.0,12.0,34.43526170798898,2.0
16010,5.0,22.946305644791188,,9.0,41.30335016062414,
16011,5.0,46.93513564254201,2.0,4.0,37.54810851403361,
16012,38.0,89.97490173793626,,12.0,28.41312686461145,
16013,0.0,0.0,4.0,4.0,43.421623968736434,2.0
16014,6.0,42.444821731748725,,7.0,49.51895868704018,
16015,7.0,39.738858927050806,,6.0,34.06187908032926,
16016,0.0,0.0,1.0,1.0,4.879953152449737,1.0
16017,2.0,6.069065970747102,,5.0,15.172664926867757,1.0
16018,0.0,0.0,,1.0,11.170688114387847,
16019,3.0,15.271838729383019,2.0,1.0,5.09061290979434,1.0
16020,3.0,10.628122010840684,1.0,4.0,14.170829347787578,3.0
16021,1.0,8.221655841486475,,0.0,0.0,4.0
16022,12.0,55.240988813699765,1.0,11.0,50.63757307922479,
16023,1.0,10.025062656641605,,0.0,0.0,
16024,0.0,0.0,1.0,0.0,0.0,1.0
16025,2.0,5.510704543575896,2.0,5.0,13.77676135893974,3.0
16026,4.0,75.8869284765699,,4.0,75.8869284765699,
16027,1.0,19.35733643050716,,2.0,38.71467286101432,
16028,0.0,0.0,5.0,1.0,17.972681524083395,3.0
16029,3.0,20.882639565641096,3.0,2.0,13.921759710427398,2.0
16030,4.0,31.11629716063788,1.0,5.0,38.895371450797356,5.0
16031,2.0,12.331976815883587,1.0,0.0,0.0,1.0
16032,1.0,6.870491240123669,,6.0,41.22294744074202,1.0
16033,9.0,42.265426880811496,,6.0,28.17695125387433,1.0
16034,13.0,11.052542084679477,7.0,16.0,13.603128719605511,3.0
16035,9.0,27.47504350215221,1.0,10.0,30.52782611350246,2.0
16036,3.0,25.87991718426501,2.0,2.0,17.25327812284334,3.0
16037,4.0,50.10647626205687,,6.0,75.15971439308531,1.0
16038,8.0,19.076233397715622,4.0,8.0,19.076233397715622,1.0
16039,1.0,12.618296529968456,,2.0,25.23659305993691,
16040,2.0,12.175077616119802,3.0,1.0,6.087538808059901,1.0
16041,1.0,6.772314777190844,,1.0,6.772314777190844,
16042,3.0,22.084805653710248,1.0,1.0,7.3616018845700815,1.0
16043,4.0,6.24892596584962,2.0,9.0,14.060083423161643,
16044,2.0,15.065913370998116,,0.0,0.0,
16045,8.0,23.392496856633237,3.0,13.0,38.012807392029,4.0
16046,0.0,0.0,1.0,0.0,0.0,1.0
16047,1.0,5.0035024517162014,,3.0,15.010507355148604,
16048,3.0,54.48601525608427,,6.0,108.97203051216854,
16049,5.0,28.691111493659264,,3.0,17.214666896195556,
16050,6.0,7.475890253931072,3.0,9.0,11.213835380896608,2.0
16051,0.0,0.0,3.0,1.0,7.674008134448623,1.0
16052,39.0,21.81000687854063,,53.0,29.63924011699111,
16053,199.0,27.287224779542537,4.0,182.0,24.95615532601378,8.0
16054,2.0,24.718823384006924,2.0,0.0,0.0,1.0
16055,11.0,24.46455974912706,3.0,11.0,24.46455974912706,2.0
16056,2.0,7.359976448075366,,1.0,3.679988224037683,
16057,3.0,38.466470060264136,,5.0,64.11078343377356,
16058,0.0,0.0,,1.0,5.309546564723373,
16059,0.0,0.0,,0.0,0.0,
16060,2.0,20.835503698301906,,0.0,0.0,2.0
16061,0.0,0.0,,0.0,0.0,
16062,2.0,10.282776349614396,3.0,7.0,35.98971722365038,5.0
16063,3.0,18.675298804780876,2.0,2.0,12.450199203187251,1.0
16064,6.0,23.675176577358638,2.0,8.0,31.56690210314485,3.0
16065,4.0,11.520405518274243,,11.0,31.68111517525417,
16066,13.0,14.807390026653302,1.0,17.0,19.36351003485432,1.0
16067,1.0,5.8278454455387845,1.0,1.0,5.8278454455387845,2.0
16068,8.0,31.625553447185325,,2.0,7.906388361796331,
16069,6.0,6.025548324897565,3.0,34.0,34.144773841086206,2.0
16070,0.0,0.0,4.0,1.0,6.5333856004181365,2.0
16071,4.0,5.896487167769801,,9.0,13.267096127482052,
16072,2.0,14.760147601476016,4.0,0.0,0.0,2.0
16073,4.0,15.629884338855891,,5.0,19.537355423569867,2.0
16074,1.0,10.02004008016032,2.0,1.0,10.02004008016032,1.0
16075,11.0,17.14971702966901,,17.0,26.504108136761197,
16076,13.0,17.84709161049409,2.0,5.0,6.864266004036188,3.0
16077,4.0,21.66729862954336,1.0,1.0,5.41682465738584,
16078,1.0,7.925186241876684,2.0,0.0,0.0,2.0
16079,8.0,17.69246080014154,,2.0,4.423115200035385,
16080,2.0,10.853638682368265,,0.0,0.0,
16081,0.0,0.0,1.0,3.0,34.466911764705884,
16082,8.0,11.435923093417196,4.0,8.0,11.435923093417196,3.0
16083,15.0,50.99612429455362,2.0,9.0,30.597674576732167,2.0
16084,6.0,21.56566745740781,,5.0,17.97138954783984,
16085,3.0,9.1807693484714,1.0,6.0,18.3615386969428,1.0
16086,9.0,59.304164470216136,,1.0,6.589351607801793,
16087,8.0,59.005753060923446,,1.0,7.375719132615431,
16088,17.0,21.62217162916704,,18.0,22.894064077941568,
16089,15.0,65.25427415495716,,3.0,13.050854830991431,
16090,1.0,7.168458781362007,2.0,1.0,7.168458781362007,
16091,1.0,7.4013766560580265,1.0,3.0,22.20412996817408,1.0
16092,7.0,49.0402129746392,1.0,1.0,7.005744710662744,
16093,0.0,0.0,,0.0,0.0,
16094,1.0,14.513788098693757,2.0,3.0,43.54136429608128,2.0
16095,3.0,26.0778859527121,,4.0,34.770514603616135,
16096,3.0,38.02281368821293,,9.0,114.06844106463879,
16097,5.0,15.685290334724094,3.0,4.0,12.548232267779277,4.0
16098,3.0,11.526934603857681,1.0,2.0,7.684623069238453,2.0
16099,4.0,24.532352039251762,1.0,4.0,24.532352039251762,
16100,1.0,7.376807317792859,2.0,3.0,22.13042195337858,2.0
16101,0.0,0.0,3.0,3.0,32.7296530656775,5.0
16102,62.0,19.66069446646583,3.0,79.0,25.051530045980655,3.0
16103,2.0,8.526239502067613,1.0,9.0,38.368077759304256,1.0
16104,1.0,5.885468777588135,4.0,3.0,17.656406332764405,2.0
16105,6.0,31.587259805211897,1.0,6.0,31.587259805211897,
16106,18.0,60.01000166694449,2.0,10.0,33.338889814969164,2.0
16107,9.0,12.25239942822136,,4.0,5.445510856987271,1.0
16108,30.0,16.12019215269046,4.0,29.0,15.582852414267444,4.0
16109,0.0,0.0,,0.0,0.0,
16110,5.0,10.714438777696824,6.0,15.0,32.143316333090475,5.0
16111,9.0,59.124950729207725,,2.0,13.138877939823939,
16112,10.0,6.4294623683567576,2.0,13.0,8.358301078863786,
16113,2.0,7.819831091648421,,5.0,19.54957772912105,
17001,7.0,41.12566829210975,,7.0,41.12566829210975,
17002,5.0,26.46202699126753,,3.0,15.877216194760518,1.0
17003,4.0,11.871197507048523,,5.0,14.838996883810655,
17004,10.0,12.67973524712804,,8.0,10.143788197702431,
17005,4.0,42.23418857565199,2.0,1.0,10.558547143912998,1.0
17006,65.0,37.098974356047414,,50.0,28.537672581574935,2.0
17007,127.0,34.778512903649826,,85.0,23.276957455198705,
17008,31.0,37.132418997424686,,18.0,21.560759417859497,
17009,2.0,11.534025374855824,1.0,7.0,40.36908881199539,
17010,4.0,25.5656397801355,1.0,1.0,6.391409945033875,1.0
17011,66.0,33.51053296979482,,38.0,19.29394322503338,1.0
17012,25.0,45.359702440351995,,21.0,38.10215004989567,1.0
17013,2.0,13.694878115584771,,2.0,13.694878115584771,
17014,2.0,21.150592216582062,2.0,1.0,10.575296108291031,
17015,13.0,52.02080832332933,2.0,9.0,36.01440576230492,1.0
17016,4.0,23.727607070826906,1.0,3.0,17.795705303120183,
17017,38.0,61.70333685150605,,20.0,32.47544044816107,
17018,44.0,40.69326526459871,,25.0,23.12117344579472,
17019,1.0,3.945395723191036,,1.0,3.945395723191036,
17020,9.0,21.619544067837325,,7.0,16.815200941651252,
17021,3.0,40.317161671818305,1.0,9.0,120.9514850154549,2.0
17022,2.0,10.450412791305256,1.0,3.0,15.675619186957885,
17023,1.0,15.06931886678722,,1.0,15.06931886678722,
17024,26.0,53.190401178371964,,17.0,34.778339232012435,
17025,6.0,19.027081879875688,,3.0,9.513540939937844,
17026,6.0,36.269116847004774,,4.0,24.179411231336516,
17027,2.0,18.537399202891834,,0.0,0.0,
17028,29.0,45.75431510523492,,21.0,33.1324350762046,
17029,38.0,38.84408189968005,,29.0,29.6441677655453,
17030,9.0,19.227071716977505,,7.0,14.954389113204725,2.0
17031,11.0,31.37210164560933,2.0,7.0,19.964064683569575,1.0
17032,0.0,0.0,1.0,0.0,0.0,2.0
17033,1.0,6.830134553650706,,3.0,20.490403660952122,
18001,15.0,41.0149841408728,1.0,3.0,8.202996828174559,2.0
18002,4.0,26.265677326154048,1.0,2.0,13.132838663077024,
18003,1.0,8.93814801573114,,0.0,0.0,
18004,3.0,4.261424167956931,4.0,4.0,5.681898890609242,
18005,4.0,35.08771929824561,1.0,6.0,52.63157894736842,3.0
18006,4.0,14.666520001466651,,3.0,10.999890001099988,
18007,1.0,5.650355972426263,,0.0,0.0,
18008,10.0,20.365769215103256,2.0,6.0,12.219461529061954,
18009,18.0,52.478134110787174,1.0,15.0,43.731778425655975,
18010,15.0,43.613526008199344,1.0,1.0,2.907568400546623,6.0
18011,17.0,72.43597937705057,,17.0,72.43597937705057,
18012,5.0,11.595547309833025,14.0,0.0,0.0,
18013,1.0,13.315579227696404,20.0,0.0,0.0,16.0
18014,0.0,0.0,4.0,1.0,4.461895413171515,6.0
18015,4.0,4.29765562885446,4.0,5.0,5.372069536068074,6.0
18016,6.0,15.092061575611227,5.0,8.0,20.12274876748164,
18017,27.0,7.100610389507927,15.0,33.0,8.678523809398579,3.0
18018,3.0,9.99000999000999,2.0,0.0,0.0,3.0
18019,3.0,22.058823529411764,,0.0,0.0,
18020,10.0,8.051205668048791,1.0,6.0,4.830723400829274,
19001,0.0,0.0,,0.0,0.0,
19002,0.0,0.0,,4.0,116.17775196049956,
19003,0.0,0.0,,1.0,72.7802037845706,
19004,0.0,0.0,,3.0,9.204430399165464,1.0
19005,0.0,0.0,1.0,6.0,32.467532467532465,
19006,70.0,13.374859086306055,,41.0,7.833846036264975,
19007,0.0,0.0,,0.0,0.0,
19008,0.0,0.0,,0.0,0.0,
19009,0.0,0.0,,29.0,33.5473422407311,
19010,0.0,0.0,,6.0,37.28560775540641,
19011,0.0,0.0,,1.0,12.73074474856779,
19012,0.0,0.0,,5.0,20.386528581913073,
19013,0.0,0.0,,4.0,36.81885125184094,
19014,0.0,0.0,,2.0,5.6425447876992525,
19015,0.0,0.0,3.0,2.0,116.55011655011656,3.0
19016,0.0,0.0,,0.0,0.0,
19017,0.0,0.0,,1.0,2.500562626590983,
19018,0.0,0.0,,22.0,15.313082941225604,
19019,2.0,1.6305366911518926,,3.0,2.445805036727839,
19020,0.0,0.0,,2.0,36.18599601954044,1.0
19021,31.0,8.660741974146289,,27.0,7.543226880708057,
19022,0.0,0.0,3.0,0.0,0.0,1.0
19023,0.0,0.0,,1.0,78.30853563038372,
19024,0.0,0.0,6.0,2.0,33.65870077415012,6.0
19025,0.0,0.0,,6.0,10.8670059587416,
19026,60.0,8.849479208148601,,38.0,5.604670165160781,
19027,0.0,0.0,,0.0,0.0,1.0
19028,0.0,0.0,,0.0,0.0,
19029,0.0,0.0,,1.0,14.46340757882557,1.0
19030,0.0,0.0,,0.0,0.0,1.0
19031,0.0,0.0,,38.0,14.787718410709422,
19032,0.0,0.0,2.0,0.0,0.0,2.0
19033,0.0,0.0,2.0,7.0,8.898041159796108,1.0
19034,0.0,0.0,1.0,2.0,36.44314868804665,3.0
19035,0.0,0.0,1.0,0.0,0.0,1.0
19036,0.0,0.0,,0.0,0.0,
19037,0.0,0.0,,0.0,0.0,
19038,0.0,0.0,4.0,7.0,11.84172686211155,1.0
19039,266.0,23.424772136849985,1.0,124.0,10.919818590110518,
19040,0.0,0.0,1.0,1.0,96.71179883945841,3.0
19041,0.0,0.0,,12.0,57.57328599529818,
19042,0.0,0.0,,2.0,37.32039559619332,
19043,0.0,0.0,,0.0,0.0,
19044,0.0,0.0,4.0,7.0,20.189783969311527,4.0
19045,0.0,0.0,,16.0,48.98958971218616,
19046,38.0,8.572595217845437,,23.0,5.188676052906448,
19047,0.0,0.0,1.0,0.0,0.0,
19048,34.0,12.641519956870109,,39.0,14.500567009351006,
19049,0.0,0.0,,3.0,7.413081618028614,1.0
19050,0.0,0.0,,2.0,101.47133434804667,
19051,0.0,0.0,,0.0,0.0,
20001,0.0,0.0,1.0,,,
20002,0.0,0.0,,,,
20003,0.0,0.0,,,,
20004,0.0,0.0,,,,
20005,0.0,0.0,,,,
20006,0.0,0.0,,,,
20007,0.0,0.0,,,,
20008,0.0,0.0,,,,
20009,0.0,0.0,,,,
20010,0.0,0.0,,,,
20011,0.0,0.0,,,,
20012,0.0,0.0,,,,
20013,0.0,0.0,,,,
20014,0.0,0.0,,,,
20015,0.0,0.0,,,,
20016,0.0,0.0,,,,
20017,0.0,0.0,,,,
20018,0.0,0.0,,,,
20019,0.0,0.0,,,,
20020,0.0,0.0,,,,
20021,0.0,0.0,,,,
20022,0.0,0.0,,,,
20023,0.0,0.0,,,,
20024,0.0,0.0,,,,
20025,0.0,0.0,,,,
20026,0.0,0.0,1.0,,,1.0
20027,0.0,0.0,,,,
20028,0.0,0.0,,,,
20029,0.0,0.0,,,,
20030,0.0,0.0,,,,
20031,0.0,0.0,4.0,,,2.0
20032,0.0,0.0,,,,
20033,0.0,0.0,,,,
20034,0.0,0.0,,,,
20035,0.0,0.0,,,,
20036,0.0,0.0,,,,
20037,0.0,0.0,,,,
20038,0.0,0.0,,,,
20039,0.0,0.0,,13.0,18.614241326479473,
20040,0.0,0.0,,,,
20041,0.0,0.0,,,,1.0
20042,0.0,0.0,,,,
20043,0.0,0.0,,44.0,47.29250413809411,
20044,0.0,0.0,,,,1.0
20045,0.0,0.0,,,,
20046,0.0,0.0,,,,
20047,0.0,0.0,,,,
20048,0.0,0.0,,,,
20049,0.0,0.0,,,,
20050,0.0,0.0,,,,
20051,0.0,0.0,,,,
20052,0.0,0.0,,,,
20053,0.0,0.0,,,,
20054,0.0,0.0,,,,
20055,0.0,0.0,,,,
20056,0.0,0.0,,,,
20057,0.0,0.0,,,,
20058,0.0,0.0,,,,
20059,0.0,0.0,,,,
20060,0.0,0.0,,,,
20061,0.0,0.0,,,,
20062,0.0,0.0,,,,
20063,0.0,0.0,,,,
20064,0.0,0.0,,,,
20065,0.0,0.0,,,,
20066,0.0,0.0,,,,
20067,115.0,43.66696157687094,,19.0,7.214541477917808,
20068,0.0,0.0,,,,
20069,0.0,0.0,,,,
20070,0.0,0.0,,,,
20071,0.0,0.0,,,,
20072,0.0,0.0,,,,
20073,0.0,0.0,,,,
20074,0.0,0.0,,,,
20075,0.0,0.0,,,,
20076,0.0,0.0,,,,
20077,0.0,0.0,,,,
20078,0.0,0.0,,,,
20079,13.0,15.782253462990615,,15.0,18.210292457296866,
20080,0.0,0.0,,,,
20081,0.0,0.0,,,,
20082,0.0,0.0,,,,
20083,0.0,0.0,,,,
20084,0.0,0.0,,,,
20085,0.0,0.0,,,,
20086,0.0,0.0,,,,
20087,0.0,0.0,,,,
20088,0.0,0.0,1.0,,,
20089,0.0,0.0,,,,
20090,0.0,0.0,,,,
20091,0.0,0.0,,,,
20092,0.0,0.0,,,,
20093,0.0,0.0,,,,
20094,0.0,0.0,,,,
20095,0.0,0.0,,,,
20096,0.0,0.0,,,,
20097,0.0,0.0,,,,
20098,0.0,0.0,,,,
20099,0.0,0.0,,,,
20100,0.0,0.0,,,,
20101,0.0,0.0,,,,
20102,0.0,0.0,,,,
20103,0.0,0.0,,,,
20104,0.0,0.0,,,,
20105,0.0,0.0,1.0,,,
20106,0.0,0.0,,,,
20107,0.0,0.0,,,,
20108,0.0,0.0,,,,
20109,0.0,0.0,,,,
20110,0.0,0.0,,,,
20111,0.0,0.0,,,,
20112,0.0,0.0,,,,
20113,0.0,0.0,,,,
20114,0.0,0.0,,,,
20115,0.0,0.0,,,,
20116,0.0,0.0,,,,
20117,0.0,0.0,,,,
20118,0.0,0.0,,,,
20119,0.0,0.0,,,,
20120,0.0,0.0,,,,
20121,0.0,0.0,,,,
20122,0.0,0.0,,,,
20123,0.0,0.0,,,,
20124,0.0,0.0,,,,
20125,0.0,0.0,,,,
20126,0.0,0.0,,,,
20127,0.0,0.0,,,,
20128,0.0,0.0,,,,
20129,0.0,0.0,,,,
20130,0.0,0.0,,,,
20131,0.0,0.0,,,,
20132,0.0,0.0,,,,
20133,0.0,0.0,,,,1.0
20134,0.0,0.0,,,,
20135,0.0,0.0,,,,
20136,0.0,0.0,,,,
20137,0.0,0.0,,,,
20138,0.0,0.0,,,,
20139,0.0,0.0,,,,
20140,0.0,0.0,,,,
20141,0.0,0.0,,,,
20142,0.0,0.0,,,,
20143,0.0,0.0,,,,
20144,0.0,0.0,,,,
20145,0.0,0.0,,,,
20146,0.0,0.0,,,,
20147,0.0,0.0,,,,
20148,0.0,0.0,,,,
20149,0.0,0.0,,,,
20150,0.0,0.0,,,,
20151,0.0,0.0,,,,
20152,0.0,0.0,,,,
20153,0.0,0.0,,,,
20154,0.0,0.0,,,,
20155,0.0,0.0,,,,
20156,0.0,0.0,,,,
20157,0.0,0.0,,,,
20158,0.0,0.0,,,,
20159,0.0,0.0,,,,
20160,0.0,0.0,,,,
20161,0.0,0.0,,,,
20162,0.0,0.0,,,,
20163,0.0,0.0,,,,
20164,0.0,0.0,,,,
20165,0.0,0.0,,,,
20166,0.0,0.0,,,,1.0
20167,0.0,0.0,,,,
20168,0.0,0.0,,,,
20169,0.0,0.0,,,,
20170,0.0,0.0,,,,
20171,0.0,0.0,,,,
20172,0.0,0.0,,,,
20173,0.0,0.0,,,,
20174,0.0,0.0,,,,
20175,0.0,0.0,,,,
20176,0.0,0.0,,,,
20177,0.0,0.0,,,,
20178,0.0,0.0,,,,
20179,0.0,0.0,,,,
20180,0.0,0.0,,,,
20181,0.0,0.0,,,,
20182,0.0,0.0,,,,
20183,0.0,0.0,,,,
20184,39.0,25.03755633450175,,23.0,14.765738351116418,
20185,0.0,0.0,,,,
20186,0.0,0.0,,,,
20187,0.0,0.0,,,,
20188,0.0,0.0,,,,
20189,0.0,0.0,,,,
20190,0.0,0.0,,,,
20191,0.0,0.0,,,,
20192,0.0,0.0,,,,
20193,0.0,0.0,,,,
20194,0.0,0.0,,,,
20195,0.0,0.0,,,,
20196,0.0,0.0,,,,
20197,0.0,0.0,,,,
20198,0.0,0.0,,,,
20199,0.0,0.0,,,,
20200,0.0,0.0,,,,
20201,0.0,0.0,1.0,,,
20202,0.0,0.0,,,,
20203,0.0,0.0,,,,
20204,0.0,0.0,,,,
20205,0.0,0.0,,,,
20206,0.0,0.0,,,,
20207,0.0,0.0,,,,
20208,0.0,0.0,,,,
20209,0.0,0.0,1.0,,,
20210,0.0,0.0,,,,
20211,0.0,0.0,,,,
20212,0.0,0.0,,,,
20213,0.0,0.0,,,,
20214,0.0,0.0,,,,
20215,0.0,0.0,,,,
20216,0.0,0.0,,,,
20217,0.0,0.0,,,,
20218,0.0,0.0,,,,
20219,0.0,0.0,,,,
20220,0.0,0.0,,,,
20221,0.0,0.0,,,,
20222,0.0,0.0,,,,1.0
20223,0.0,0.0,,,,
20224,0.0,0.0,,,,
20225,0.0,0.0,,,,
20226,0.0,0.0,,,,
20227,0.0,0.0,,,,
20228,0.0,0.0,,,,
20229,0.0,0.0,,,,
20230,0.0,0.0,,,,
20231,0.0,0.0,,,,
20232,0.0,0.0,,,,
20233,0.0,0.0,,,,
20234,0.0,0.0,,,,
20235,0.0,0.0,,,,
20236,0.0,0.0,,,,1.0
20237,0.0,0.0,,,,
20238,0.0,0.0,,,,
20239,0.0,0.0,,,,
20240,0.0,0.0,,,,
20241,0.0,0.0,,,,
20242,0.0,0.0,,,,
20243,0.0,0.0,,,,
20244,0.0,0.0,,,,
20245,0.0,0.0,,,,
20246,0.0,0.0,,,,
20247,0.0,0.0,1.0,,,
20248,0.0,0.0,,,,
20249,0.0,0.0,,,,
20250,0.0,0.0,,,,
20251,0.0,0.0,,,,
20252,0.0,0.0,,,,
20253,0.0,0.0,,,,
20254,0.0,0.0,,,,
20255,0.0,0.0,,,,
20256,0.0,0.0,,,,
20257,0.0,0.0,,,,
20258,0.0,0.0,,,,
20259,0.0,0.0,,,,
20260,0.0,0.0,,,,
20261,0.0,0.0,,,,
20262,0.0,0.0,,,,
20263,0.0,0.0,,,,
20264,0.0,0.0,,,,
20265,0.0,0.0,,,,
20266,0.0,0.0,,,,
20267,0.0,0.0,,,,
20268,0.0,0.0,,,,
20269,0.0,0.0,9.0,,,9.0
20270,0.0,0.0,,,,
20271,0.0,0.0,,,,2.0
20272,0.0,0.0,,,,
20273,0.0,0.0,,,,
20274,0.0,0.0,,,,
20275,0.0,0.0,,,,
20276,0.0,0.0,,,,
20277,0.0,0.0,1.0,,,
20278,0.0,0.0,,,,
20279,0.0,0.0,,,,
20280,0.0,0.0,,,,
20281,0.0,0.0,,,,
20282,0.0,0.0,,,,
20283,0.0,0.0,,,,
20284,0.0,0.0,,,,
20285,0.0,0.0,,,,
20286,0.0,0.0,1.0,,,
20287,0.0,0.0,,,,
20288,0.0,0.0,,,,
20289,0.0,0.0,,,,
20290,0.0,0.0,,,,
20291,0.0,0.0,,,,
20292,0.0,0.0,,,,
20293,0.0,0.0,,,,
20294,0.0,0.0,,,,
20295,0.0,0.0,,,,
20296,0.0,0.0,,,,
20297,0.0,0.0,1.0,,,
20298,0.0,0.0,1.0,,,1.0
20299,0.0,0.0,,,,
20300,0.0,0.0,,,,
20301,0.0,0.0,,,,
20302,0.0,0.0,,,,
20303,0.0,0.0,,,,
20304,0.0,0.0,,,,
20305,0.0,0.0,,,,
20306,0.0,0.0,,,,
20307,0.0,0.0,,,,
20308,0.0,0.0,,,,
20309,0.0,0.0,,,,
20310,0.0,0.0,,,,
20311,0.0,0.0,,,,
20312,0.0,0.0,,,,
20313,0.0,0.0,,,,
20314,0.0,0.0,,,,
20315,0.0,0.0,,,,
20316,0.0,0.0,,,,
20317,0.0,0.0,,,,
20318,20.0,46.66355576294914,,14.0,32.664489034064395,
20319,0.0,0.0,,,,
20320,0.0,0.0,1.0,,,
20321,0.0,0.0,,,,
20322,0.0,0.0,,,,
20323,0.0,0.0,,,,
20324,0.0,0.0,,,,
20325,0.0,0.0,,,,1.0
20326,0.0,0.0,,,,
20327,0.0,0.0,,,,
20328,0.0,0.0,,,,
20329,0.0,0.0,,,,
20330,0.0,0.0,,,,
20331,0.0,0.0,,,,
20332,0.0,0.0,,,,
20333,0.0,0.0,,,,
20334,0.0,0.0,,,,
20335,0.0,0.0,,,,
20336,0.0,0.0,,,,
20337,0.0,0.0,,,,
20338,0.0,0.0,,,,
20339,0.0,0.0,,,,
20340,0.0,0.0,,,,
20341,0.0,0.0,,,,
20342,0.0,0.0,,,,
20343,0.0,0.0,,,,
20344,0.0,0.0,,,,
20345,0.0,0.0,,,,
20346,0.0,0.0,,,,
20347,0.0,0.0,,,,
20348,0.0,0.0,,,,
20349,0.0,0.0,,,,
20350,0.0,0.0,,,,
20351,0.0,0.0,,,,
20352,0.0,0.0,,,,
20353,0.0,0.0,,,,
20354,0.0,0.0,,,,
20355,0.0,0.0,,,,
20356,0.0,0.0,,,,
20357,0.0,0.0,,,,
20358,0.0,0.0,,,,
20359,0.0,0.0,,,,
20360,0.0,0.0,,,,
20361,0.0,0.0,,,,
20362,0.0,0.0,,,,
20363,0.0,0.0,,,,
20364,0.0,0.0,,,,
20365,0.0,0.0,,,,
20366,0.0,0.0,,,,
20367,0.0,0.0,,,,
20368,0.0,0.0,,,,
20369,0.0,0.0,,,,
20370,0.0,0.0,,,,
20371,0.0,0.0,,,,
20372,0.0,0.0,1.0,,,1.0
20373,0.0,0.0,,,,
20374,0.0,0.0,,,,
20375,0.0,0.0,,,,
20376,0.0,0.0,,,,
20377,0.0,0.0,,,,10.0
20378,0.0,0.0,,,,1.0
20379,0.0,0.0,,,,
20380,0.0,0.0,,,,
20381,0.0,0.0,,,,
20382,0.0,0.0,,,,
20383,0.0,0.0,,,,
20384,0.0,0.0,,,,
20385,4.0,5.13920830496062,,1.0,1.284802076240155,
20386,0.0,0.0,,,,
20387,0.0,0.0,,,,
20388,0.0,0.0,,,,1.0
20389,0.0,0.0,,,,
20390,0.0,0.0,,,,
20391,0.0,0.0,,,,
20392,0.0,0.0,,,,
20393,0.0,0.0,,,,
20394,0.0,0.0,,,,
20395,0.0,0.0,,,,
20396,0.0,0.0,,,,
20397,0.0,0.0,,,,
20398,0.0,0.0,,,,
20399,0.0,0.0,,,,
20400,0.0,0.0,,,,
20401,0.0,0.0,,,,
20402,0.0,0.0,,,,
20403,0.0,0.0,,,,
20404,0.0,0.0,,,,
20405,0.0,0.0,,,,
20406,0.0,0.0,,,,
20407,0.0,0.0,,,,
20408,0.0,0.0,,,,
20409,0.0,0.0,,,,
20410,0.0,0.0,,,,
20411,0.0,0.0,,,,
20412,0.0,0.0,,,,
20413,0.0,0.0,,,,
20414,0.0,0.0,,,,
20415,0.0,0.0,,,,
20416,0.0,0.0,,,,
20417,0.0,0.0,2.0,,,
20418,0.0,0.0,,,,
20419,0.0,0.0,,,,
20420,0.0,0.0,,,,
20421,0.0,0.0,,,,
20422,0.0,0.0,,,,
20423,0.0,0.0,,,,
20424,0.0,0.0,,,,
20425,0.0,0.0,,,,
20426,0.0,0.0,,,,
20427,0.0,0.0,,,,
20428,0.0,0.0,,,,
20429,0.0,0.0,,,,
20430,0.0,0.0,,,,
20431,0.0,0.0,,,,
20432,0.0,0.0,,,,
20433,0.0,0.0,,,,
20434,0.0,0.0,,,,
20435,0.0,0.0,,,,
20436,0.0,0.0,,,,
20437,0.0,0.0,,,,
20438,0.0,0.0,,,,
20439,0.0,0.0,,,,
20440,0.0,0.0,,,,
20441,0.0,0.0,,,,
20442,0.0,0.0,,,,
20443,0.0,0.0,,,,
20444,0.0,0.0,,,,
20445,0.0,0.0,,,,
20446,0.0,0.0,,,,
20447,0.0,0.0,,,,1.0
20448,0.0,0.0,,,,
20449,0.0,0.0,,,,
20450,0.0,0.0,,,,
20451,0.0,0.0,,,,1.0
20452,0.0,0.0,,,,
20453,0.0,0.0,,,,
20454,0.0,0.0,,,,
20455,0.0,0.0,,,,
20456,0.0,0.0,,,,
20457,0.0,0.0,,,,
20458,0.0,0.0,,,,
20459,0.0,0.0,,,,
20460,0.0,0.0,,,,
20461,0.0,0.0,1.0,,,1.0
20462,0.0,0.0,,,,
20463,0.0,0.0,,,,
20464,0.0,0.0,,,,
20465,0.0,0.0,,,,
20466,0.0,0.0,,,,
20467,0.0,0.0,,,,
20468,0.0,0.0,,,,
20469,0.0,0.0,,,,
20470,0.0,0.0,,,,
20471,0.0,0.0,,,,
20472,0.0,0.0,,,,
20473,0.0,0.0,,,,
20474,0.0,0.0,,,,
20475,0.0,0.0,5.0,,,
20476,0.0,0.0,,,,
20477,0.0,0.0,,,,
20478,0.0,0.0,,,,
20479,0.0,0.0,,,,
20480,0.0,0.0,,,,
20481,0.0,0.0,,,,
20482,0.0,0.0,,,,
20483,0.0,0.0,,,,
20484,0.0,0.0,,,,
20485,0.0,0.0,,,,
20486,0.0,0.0,,,,
20487,0.0,0.0,,,,
20488,0.0,0.0,,,,
20489,0.0,0.0,,,,
20490,0.0,0.0,,,,
20491,0.0,0.0,,,,
20492,0.0,0.0,,,,
20493,0.0,0.0,,,,
20494,0.0,0.0,,,,
20495,0.0,0.0,,,,
20496,0.0,0.0,,,,
20497,0.0,0.0,,,,
20498,0.0,0.0,,,,
20499,0.0,0.0,,,,
20500,0.0,0.0,,,,
20501,0.0,0.0,,,,
20502,0.0,0.0,,,,
20503,0.0,0.0,,,,
20504,0.0,0.0,,,,
20505,0.0,0.0,,,,
20506,0.0,0.0,,,,
20507,0.0,0.0,,,,
20508,0.0,0.0,,,,
20509,0.0,0.0,,,,
20510,0.0,0.0,,,,
20511,0.0,0.0,,,,
20512,0.0,0.0,,,,
20513,0.0,0.0,,,,
20514,0.0,0.0,,,,
20515,0.0,0.0,,,,
20516,0.0,0.0,,,,
20517,0.0,0.0,1.0,,,1.0
20518,0.0,0.0,,,,
20519,0.0,0.0,,,,
20520,0.0,0.0,1.0,,,
20521,0.0,0.0,,,,
20522,0.0,0.0,,,,
20523,0.0,0.0,,,,
20524,0.0,0.0,,,,
20525,0.0,0.0,,,,
20526,0.0,0.0,,,,
20527,0.0,0.0,,,,
20528,0.0,0.0,,,,
20529,0.0,0.0,,,,
20530,0.0,0.0,,,,
20531,0.0,0.0,,,,
20532,0.0,0.0,,,,
20533,0.0,0.0,,,,
20534,0.0,0.0,,,,
20535,0.0,0.0,,,,
20536,0.0,0.0,,,,
20537,0.0,0.0,,,,
20538,0.0,0.0,,,,
20539,0.0,0.0,,,,
20540,0.0,0.0,,,,
20541,0.0,0.0,,,,
20542,0.0,0.0,,,,
20543,0.0,0.0,,,,
20544,0.0,0.0,,,,
20545,0.0,0.0,,,,
20546,0.0,0.0,,,,
20547,0.0,0.0,,,,
20548,0.0,0.0,,,,
20549,0.0,0.0,1.0,,,
20550,0.0,0.0,,,,
20551,2.0,10.19108280254777,,,,
20552,0.0,0.0,,,,
20553,0.0,0.0,,,,
20554,0.0,0.0,,,,
20555,0.0,0.0,,,,
20556,0.0,0.0,,,,
20557,0.0,0.0,,,,
20558,0.0,0.0,,,,
20559,0.0,0.0,,,,1.0
20560,0.0,0.0,,,,
20561,0.0,0.0,,,,
20562,0.0,0.0,,,,
20563,0.0,0.0,1.0,,,
20564,0.0,0.0,,,,
20565,0.0,0.0,,,,
20566,0.0,0.0,2.0,,,
20567,0.0,0.0,,,,
20568,0.0,0.0,,,,
20569,0.0,0.0,,,,
20570,0.0,0.0,,,,
20999,,,,511.0,,
21001,3.0,4.9707553891273015,,2.0,3.3138369260848672,
21002,1.0,11.215791834903543,,2.0,22.431583669807086,
21003,5.0,14.764506127270044,,6.0,17.717407352724052,1.0
21004,1.0,1.9201966281347211,,0.0,0.0,2.0
21005,0.0,0.0,,0.0,0.0,
21006,2.0,13.555645926528397,,1.0,6.777822963264199,
21007,0.0,0.0,,0.0,0.0,
21008,3.0,28.68891651525294,,1.0,9.56297217175098,
21009,0.0,0.0,,0.0,0.0,
21010,3.0,4.948780125699015,,2.0,3.2991867504660104,
21011,0.0,0.0,,0.0,0.0,
21012,0.0,0.0,,0.0,0.0,
21013,0.0,0.0,,0.0,0.0,
21014,1.0,19.984012789768187,,0.0,0.0,
21015,5.0,4.9522602115605565,,3.0,2.971356126936334,1.0
21016,1.0,12.742099898063202,1.0,1.0,12.742099898063202,
21017,2.0,7.878358150161507,,1.0,3.9391790750807534,
21018,0.0,0.0,,0.0,0.0,
21019,13.0,10.23122570083896,1.0,12.0,9.444208339235963,
21020,0.0,0.0,,1.0,15.561780267662622,
21021,1.0,81.43322475570032,,1.0,81.43322475570032,
21022,2.0,17.117425539198905,,2.0,17.117425539198905,2.0
21023,0.0,0.0,,0.0,0.0,
21024,0.0,0.0,,0.0,0.0,
21025,1.0,12.265423770391266,,1.0,12.265423770391266,
21026,1.0,7.283321194464675,1.0,1.0,7.283321194464675,
21027,0.0,0.0,,0.0,0.0,
21028,0.0,0.0,,0.0,0.0,
21029,0.0,0.0,,0.0,0.0,
21030,0.0,0.0,,0.0,0.0,
21031,0.0,0.0,,0.0,0.0,
21032,0.0,0.0,,0.0,0.0,
21033,0.0,0.0,,1.0,20.995171110644552,
21034,3.0,8.671522719389525,,6.0,17.34304543877905,
21035,2.0,10.18381791333571,,5.0,25.459544783339275,
21036,1.0,7.039774727208729,,1.0,7.039774727208729,
21037,0.0,0.0,,0.0,0.0,
21038,2.0,22.96474911011597,,0.0,0.0,
21039,0.0,0.0,,0.0,0.0,
21040,2.0,20.968756552736423,,0.0,0.0,
21041,5.0,6.316879966646873,,5.0,6.316879966646873,
21042,0.0,0.0,1.0,0.0,0.0,
21043,8.0,16.86589505196804,,4.0,8.43294752598402,
21044,0.0,0.0,,0.0,0.0,
21045,1.0,2.278838703796545,,4.0,9.11535481518618,
21046,1.0,14.302059496567505,,1.0,14.302059496567505,
21047,1.0,5.252928507643011,3.0,2.0,10.505857015286022,
21048,1.0,5.3299221831361265,,0.0,0.0,
21049,3.0,19.027081879875688,,0.0,0.0,
21050,0.0,0.0,,1.0,4.141129700182209,
21051,8.0,23.574480624723737,,4.0,11.787240312361869,
21052,0.0,0.0,,0.0,0.0,
21053,5.0,8.634236474468562,,3.0,5.180541884681138,
21054,2.0,6.610696106299993,,1.0,3.3053480531499964,
21055,2.0,42.562247286656735,,1.0,21.281123643328367,
21056,1.0,80.84074373484236,,1.0,80.84074373484236,
21057,0.0,0.0,,2.0,26.798874447273214,
21058,0.0,0.0,,1.0,5.192916861401049,
21059,2.0,81.03727714748784,,0.0,0.0,
21060,1.0,14.396775122372588,,0.0,0.0,
21061,2.0,15.904572564612327,,1.0,7.952286282306163,
21062,2.0,43.535045711798,,0.0,0.0,
21063,4.0,29.017047515415307,,4.0,29.017047515415307,
21064,3.0,18.43884449907806,,5.0,30.731407498463426,
21065,0.0,0.0,,2.0,10.504201680672269,
21066,0.0,0.0,,0.0,0.0,
21067,1.0,6.041931001147967,,0.0,0.0,
21068,0.0,0.0,,0.0,0.0,
21069,4.0,15.764789343002404,,4.0,15.764789343002404,
21070,0.0,0.0,,0.0,0.0,
21071,12.0,12.275838081695703,,6.0,6.1379190408478514,1.0
21072,0.0,0.0,,0.0,0.0,
21073,1.0,11.522064754003917,,0.0,0.0,
21074,9.0,14.182832469231133,,7.0,11.031091920513102,
21075,1.0,8.426019548365353,,0.0,0.0,
21076,1.0,3.746862003072427,,3.0,11.240586009217282,
21077,0.0,0.0,,0.0,0.0,
21078,1.0,7.152052639107423,,2.0,14.304105278214847,
21079,0.0,0.0,,1.0,18.846588767433094,
21080,0.0,0.0,,0.0,0.0,
21081,1.0,27.063599458728014,,0.0,0.0,
21082,0.0,0.0,,0.0,0.0,
21083,1.0,3.9485114111979787,,0.0,0.0,
21084,0.0,0.0,,0.0,0.0,
21085,11.0,15.110097666176735,1.0,10.0,13.73645242379703,2.0
21086,2.0,15.940065354267952,,5.0,39.85016338566988,
21087,1.0,7.897646501342599,,2.0,15.795293002685199,
21088,0.0,0.0,,0.0,0.0,
21089,1.0,7.694083249980765,,1.0,7.694083249980765,
21090,2.0,10.787486515641856,,1.0,5.393743257820928,
21091,0.0,0.0,,1.0,9.791442279447763,
21092,0.0,0.0,,0.0,0.0,
21093,0.0,0.0,,0.0,0.0,
21094,1.0,3.1713814537612586,,1.0,3.1713814537612586,
21095,0.0,0.0,,0.0,0.0,
21096,0.0,0.0,,0.0,0.0,
21097,0.0,0.0,,0.0,0.0,
21098,0.0,0.0,,1.0,16.08234158893535,
21099,3.0,15.827793605571383,,4.0,21.103724807428513,
21100,1.0,10.301844030081384,,2.0,20.603688060162767,
21101,0.0,0.0,,1.0,27.79321845469705,
21102,0.0,0.0,,0.0,0.0,
21103,2.0,33.28340822100183,,0.0,0.0,
21104,2.0,7.328154770628756,,0.0,0.0,
21105,0.0,0.0,,0.0,0.0,
21106,4.0,15.552099533437012,,1.0,3.888024883359253,
21107,0.0,0.0,,0.0,0.0,
21108,0.0,0.0,,2.0,12.066365007541478,
21109,3.0,14.550392860607236,,1.0,4.8501309535357455,
21110,2.0,4.663417818919486,,4.0,9.326835637838972,
21111,3.0,16.273393002441008,,3.0,16.273393002441008,1.0
21112,2.0,21.317416329140908,,5.0,53.29354082285227,
21113,0.0,0.0,,2.0,43.62050163576881,2.0
21114,66.0,4.286218055498731,2.0,50.0,3.2471348905293413,5.0
21115,4.0,8.460057951396967,,3.0,6.345043463547725,
21116,0.0,0.0,,1.0,4.700352526439483,
21117,0.0,0.0,,0.0,0.0,
21118,1.0,3.913434821743044,,1.0,3.913434821743044,2.0
21119,7.0,6.9694043150569005,,9.0,8.960662690787442,
21120,0.0,0.0,,0.0,0.0,3.0
21121,0.0,0.0,,0.0,0.0,
21122,1.0,10.608953957139825,,1.0,10.608953957139825,
21123,1.0,24.271844660194173,,0.0,0.0,
21124,1.0,6.918500069185,,2.0,13.83700013837,
21125,2.0,24.479804161566708,,0.0,0.0,
21126,1.0,17.16443529007896,,0.0,0.0,
21127,1.0,26.476039184537992,1.0,0.0,0.0,
21128,1.0,12.365524916532706,,1.0,12.365524916532706,
21129,1.0,7.874635798094339,,0.0,0.0,
21130,0.0,0.0,,0.0,0.0,
21131,0.0,0.0,,0.0,0.0,
21132,8.0,5.669255626736209,,4.0,2.8346278133681047,
21133,1.0,153.60983102918587,,0.0,0.0,
21134,1.0,5.178663904712584,,1.0,5.178663904712584,
21135,0.0,0.0,,0.0,0.0,
21136,0.0,0.0,,2.0,17.24435247456458,
21137,0.0,0.0,,0.0,0.0,
21138,1.0,9.279020135473694,,1.0,9.279020135473694,
21139,1.0,28.137310073157007,,0.0,0.0,
21140,6.0,4.980947874380495,,6.0,4.980947874380495,
21141,0.0,0.0,,1.0,29.455081001472752,1.0
21142,2.0,7.240605314604301,4.0,2.0,7.240605314604301,
21143,2.0,7.037545304197896,,1.0,3.518772652098948,
21144,0.0,0.0,,1.0,7.384978952809984,
21145,2.0,14.777597162701344,,1.0,7.388798581350672,
21146,0.0,0.0,,0.0,0.0,
21147,0.0,0.0,1.0,1.0,16.823687752355315,
21148,2.0,24.87562189054726,,0.0,0.0,
21149,3.0,13.640703860319192,,1.0,4.546901286773064,1.0
21150,0.0,0.0,,1.0,14.164305949008497,
21151,1.0,12.4750499001996,2.0,1.0,12.4750499001996,
21152,1.0,8.542627712284299,,0.0,0.0,
21153,3.0,14.80238811861647,,2.0,9.868258745744313,
21154,6.0,8.383283732237917,,7.0,9.780497687610904,
21155,0.0,0.0,,2.0,36.90036900369004,
21156,18.0,6.547692665856693,,10.0,3.6376070365870516,
21157,0.0,0.0,,1.0,8.82768361581921,2.0
21158,2.0,29.533372711163615,,1.0,14.766686355581808,
21159,0.0,0.0,,1.0,24.850894632206757,
21160,0.0,0.0,,1.0,32.04101249599487,
21161,0.0,0.0,,1.0,5.262603936427745,
21162,0.0,0.0,,0.0,0.0,
21163,0.0,0.0,,1.0,6.1443932411674345,
21164,3.0,4.015634202495048,,4.0,5.354178936660063,2.0
21165,2.0,175.28483786152498,,0.0,0.0,
21166,0.0,0.0,1.0,2.0,24.826216484607745,2.0
21167,2.0,19.53125,,0.0,0.0,
21168,2.0,30.395136778115504,,0.0,0.0,3.0
21169,3.0,14.64986815118664,,1.0,4.88328938372888,
21170,0.0,0.0,,0.0,0.0,
21171,1.0,29.717682020802375,,0.0,0.0,
21172,1.0,3.8770208971426356,,1.0,3.8770208971426356,
21173,0.0,0.0,,1.0,17.577781683951486,
21174,7.0,7.588404917286387,,1.0,1.0840578453266267,
21175,4.0,40.78719282145406,,2.0,20.39359641072703,
21176,3.0,35.71003451970003,,0.0,0.0,
21177,2.0,4.143531946631308,,1.0,2.071765973315654,
21178,1.0,5.842827928717499,,1.0,5.842827928717499,
21179,1.0,3.500420050406049,,2.0,7.000840100812098,
21180,3.0,8.215126786790076,,0.0,0.0,
21181,1.0,15.95150741745095,,1.0,15.95150741745095,
21182,1.0,20.69108214359611,,0.0,0.0,
21183,2.0,10.087763542822556,,0.0,0.0,
21184,0.0,0.0,1.0,2.0,31.220730565095224,
21185,0.0,0.0,,0.0,0.0,
21186,1.0,1.941936110301971,,2.0,3.883872220603942,
21187,0.0,0.0,,0.0,0.0,
21188,1.0,5.872680291284943,,2.0,11.745360582569885,
21189,0.0,0.0,,2.0,10.151768945738795,
21190,0.0,0.0,,0.0,0.0,
21191,2.0,21.633315305570576,1.0,2.0,21.633315305570576,
21192,0.0,0.0,,0.0,0.0,
21193,0.0,0.0,,1.0,16.020506247997435,
21194,6.0,21.51308712800287,,5.0,17.92757260666906,
21195,2.0,8.25866127100797,,0.0,0.0,
21196,0.0,0.0,,0.0,0.0,
21197,9.0,11.904604436449253,,4.0,5.290935305088557,
21198,0.0,0.0,,0.0,0.0,
21199,1.0,2.6378264310208386,,3.0,7.913479293062516,
21200,0.0,0.0,,0.0,0.0,
21201,0.0,0.0,1.0,0.0,0.0,
21202,2.0,16.32786349906115,,0.0,0.0,
21203,0.0,0.0,2.0,1.0,16.531658125309967,1.0
21204,0.0,0.0,,0.0,0.0,
21205,1.0,4.352367688022285,,3.0,13.057103064066853,
21206,0.0,0.0,,0.0,0.0,1.0
21207,3.0,5.629045876723895,,1.0,1.8763486255746318,
21208,6.0,7.864108210128971,,4.0,5.242738806752648,
21209,1.0,12.165450121654501,,0.0,0.0,
21210,0.0,0.0,,1.0,17.83166904422254,
21211,2.0,12.950012950012951,,0.0,0.0,
21212,1.0,5.14456219775697,,1.0,5.14456219775697,
21213,4.0,31.923383878691137,,3.0,23.942537909018355,
21214,1.0,6.373486297004461,,0.0,0.0,
21215,0.0,0.0,,0.0,0.0,
21216,0.0,0.0,,0.0,0.0,
21217,1.0,4.871157874226704,,3.0,14.613473622680111,
22001,8.0,12.862356705307329,9.0,2.0,3.2155891763268323,8.0
22002,1.0,3.69099029269553,,1.0,3.69099029269553,3.0
22003,0.0,0.0,8.0,1.0,7.745933384972888,3.0
22004,2.0,3.11608993035539,1.0,4.0,6.23217986071078,2.0
22005,5.0,8.595348197555483,,2.0,3.4381392790221934,2.0
22006,5.0,3.4947194788674314,,1.0,0.6989438957734863,
22007,1.0,2.6230884243107835,3.0,3.0,7.869265272932351,
22008,0.0,0.0,2.0,5.0,14.063115261292683,1.0
22009,1.0,3.913894324853229,4.0,1.0,3.913894324853229,5.0
22010,0.0,0.0,41.0,2.0,10.035626473982639,21.0
22011,9.0,7.7281079874289444,,6.0,5.152071991619296,
22012,5.0,7.816652596691993,12.0,2.0,3.1266610386767972,3.0
22013,0.0,0.0,,0.0,0.0,4.0
22014,58.0,7.232461281392623,,43.0,5.361997156894531,1.0
22015,0.0,0.0,19.0,0.0,0.0,21.0
22016,14.0,5.792328474673044,2.0,7.0,2.896164237336522,1.0
22017,2.0,3.153927428129879,,2.0,3.153927428129879,
22018,0.0,0.0,,0.0,0.0,4.0
22998,,,,0.0,,
23001,6.0,7.543848620104357,4.0,4.0,5.029232413402904,3.0
23002,24.0,31.988910511022848,,8.0,10.662970170340948,
23003,4.0,24.686786397580697,,2.0,12.343393198790348,1.0
23004,41.0,16.76528196341897,,23.0,9.404914272161863,
23005,106.0,16.03203988045543,,89.0,13.460863673212577,
23006,5.0,13.820171922938721,,4.0,11.056137538350978,
23007,1.0,3.947420360794221,,0.0,0.0,
23008,13.0,8.160190822923859,,21.0,13.181846713953925,
23009,6.0,21.229168878038426,,19.0,67.22570144712168,
23010,8.0,,,2.0,,
24001,11.0,59.00021454623471,1.0,3.0,16.090967603518557,1.0
24002,0.0,0.0,,0.0,0.0,
24003,1.0,2.1086814414946335,,0.0,0.0,
24004,1.0,22.54283137962128,1.0,0.0,0.0,1.0
24005,0.0,0.0,,0.0,0.0,
24006,0.0,0.0,,0.0,0.0,
24007,0.0,0.0,1.0,2.0,10.819583446037328,
24008,1.0,4.674207721791157,,1.0,4.674207721791157,
24009,1.0,24.869435463814973,1.0,0.0,0.0,2.0
24010,0.0,0.0,,1.0,3.1925422213708776,
24011,1.0,2.2973718066531887,,2.0,4.5947436133063775,
24012,4.0,19.01231047102999,,0.0,0.0,
24013,5.0,2.9812835021733557,,4.0,2.3850268017386846,
24014,3.0,17.63150161622098,,4.0,23.508668821627975,
24015,0.0,0.0,,0.0,0.0,1.0
24016,3.0,7.223867658744492,,4.0,9.631823544992656,
24017,1.0,3.8483740619588223,,3.0,11.545122185876467,
24018,0.0,0.0,1.0,0.0,0.0,1.0
24019,0.0,0.0,,0.0,0.0,
24020,2.0,2.1852669303555428,,7.0,7.648434256244401,
24021,5.0,9.35593727779649,1.0,5.0,9.35593727779649,
24022,0.0,0.0,,1.0,5.17410875976613,
24023,0.0,0.0,1.0,1.0,6.366588145412873,
24024,0.0,0.0,,7.0,7.614986293024673,
24025,0.0,0.0,1.0,0.0,0.0,2.0
24026,0.0,0.0,,0.0,0.0,
24027,1.0,9.831874938550783,1.0,1.0,9.831874938550783,
24028,140.0,18.120537817562425,,119.0,15.40245714492806,2.0
24029,2.0,9.368997985665432,,0.0,0.0,
24030,0.0,0.0,,1.0,18.294914013904133,
24031,0.0,0.0,,1.0,8.449514152936207,2.0
24032,2.0,4.959579427664534,2.0,6.0,14.878738282993602,
24033,0.0,0.0,1.0,0.0,0.0,2.0
24034,1.0,6.685385746757588,1.0,2.0,13.370771493515177,
24035,36.0,13.440910397664268,,20.0,7.467172443146816,2.0
24036,4.0,13.865779256794234,,1.0,3.4664448141985584,
24037,5.0,5.16422226812642,,3.0,3.098533360875852,
24038,0.0,0.0,,0.0,0.0,
24039,0.0,0.0,2.0,0.0,0.0,
24040,1.0,2.6346295710823058,,5.0,13.173147855411528,
24041,2.0,10.356255178127588,1.0,1.0,5.178127589063794,
24042,4.0,27.81254345709915,,0.0,0.0,
24043,5.0,55.40780141843972,,0.0,0.0,
24044,0.0,0.0,,0.0,0.0,
24045,2.0,13.80071763731714,,0.0,0.0,
24046,2.0,12.257906349595489,2.0,3.0,18.386859524393234,1.0
24047,0.0,0.0,1.0,0.0,0.0,
24048,0.0,0.0,,0.0,0.0,
24049,2.0,5.2731491246572455,1.0,4.0,10.546298249314491,1.0
24050,5.0,10.661435455669752,,6.0,12.793722546803702,
24051,0.0,0.0,,1.0,6.7222371605270235,
24052,3.0,29.486927462158445,1.0,0.0,0.0,
24053,0.0,0.0,,0.0,0.0,
24054,2.0,3.883645966833664,,1.0,1.941822983416832,
24055,0.0,0.0,1.0,2.0,8.13140348024069,
24056,3.0,19.319938176197837,,2.0,12.879958784131892,1.0
24057,0.0,0.0,,1.0,3.300438958381465,
24058,0.0,0.0,1.0,4.0,19.516955354964626,1.0
25001,169.0,40.59582175311495,3.0,121.0,29.065647527378157,5.0
25002,15.0,33.33851932522837,,11.0,24.448247505167473,
25003,27.0,90.00300010000333,,32.0,106.6702223407447,
25004,19.0,66.68304495841085,,18.0,63.17341101323132,
25005,6.0,35.93459902976583,,3.0,17.967299514882914,2.0
25006,479.0,55.786023912289,8.0,399.0,46.46894267432841,
25007,35.0,106.06703436571914,,18.0,54.54876053094127,7.0
25008,9.0,20.975598387209548,1.0,10.0,23.306220430232827,1.0
25009,10.0,18.473702684229,,4.0,7.3894810736916,
25010,78.0,79.97047244094487,,56.0,57.41469816272966,
25011,71.0,24.832815691541455,4.0,63.0,22.03475195164946,3.0
25012,91.0,20.755689567871105,,75.0,17.106337555937724,4.0
25013,41.0,89.42787968678431,,38.0,82.88437629506838,
25014,24.0,48.60267314702309,,28.0,56.70311867152693,
25015,20.0,25.289245748245555,,14.0,17.70247202377189,
25016,14.0,62.14764504816442,,33.0,146.49087761353042,
25017,45.0,50.973018282322556,,15.0,16.99100609410752,
25018,55.0,,,48.0,,
26001,0.0,0.0,,0.0,0.0,
26002,16.0,20.217847304708233,,16.0,20.217847304708233,
26003,0.0,0.0,,15.0,58.03156917363045,
26004,0.0,0.0,,2.0,22.101889711570337,
26005,0.0,0.0,,0.0,0.0,
26006,0.0,0.0,1.0,0.0,0.0,1.0
26007,0.0,0.0,,0.0,0.0,
26008,0.0,0.0,,0.0,0.0,
26009,0.0,0.0,,0.0,0.0,
26010,0.0,0.0,,0.0,0.0,
26011,0.0,0.0,,0.0,0.0,
26012,0.0,0.0,1.0,17.0,74.49279172691818,1.0
26013,0.0,0.0,,0.0,0.0,
26014,0.0,0.0,1.0,1.0,28.08988764044944,1.0
26015,0.0,0.0,,0.0,0.0,2.0
26016,0.0,0.0,,2.0,37.91469194312796,
26017,32.0,39.3560368470895,,39.0,47.965169907390326,
26018,172.0,42.02193936136425,,150.0,36.647040140724634,
26019,0.0,0.0,,7.0,21.253339810541657,
26020,0.0,0.0,,1.0,18.70207593042828,
26021,0.0,0.0,,0.0,0.0,
26022,0.0,0.0,,1.0,104.38413361169101,
26023,0.0,0.0,,1.0,15.718327569946556,
26024,0.0,0.0,,0.0,0.0,
26025,0.0,0.0,,15.0,27.710554026343498,
26026,0.0,0.0,,3.0,4.940955580809328,
26027,0.0,0.0,,0.0,0.0,
26028,0.0,0.0,,0.0,0.0,1.0
26029,25.0,16.74492126538021,,16.0,10.716749609843335,
26030,100.0,12.749540379069336,2.0,97.0,12.367054167697255,3.0
26031,0.0,0.0,1.0,0.0,0.0,2.0
26032,0.0,0.0,,0.0,0.0,
26033,8.0,10.086618839282337,,10.0,12.60827354910292,
26034,0.0,0.0,,0.0,0.0,
26035,0.0,0.0,,0.0,0.0,
26036,0.0,0.0,,5.0,16.831049920894063,
26037,0.0,0.0,,0.0,0.0,
26038,0.0,0.0,1.0,1.0,21.367521367521366,1.0
26039,0.0,0.0,,0.0,0.0,
26040,0.0,0.0,,0.0,0.0,
26041,0.0,0.0,,1.0,7.842522155125088,
26042,19.0,12.045977594481675,,18.0,11.41197877371948,
26043,50.0,22.69714742251194,,66.0,29.96023459771576,
26044,0.0,0.0,,0.0,0.0,
26045,0.0,0.0,,0.0,0.0,
26046,0.0,0.0,,1.0,225.7336343115124,
26047,0.0,0.0,,1.0,10.561892691170257,
26048,1.0,1.743922430330299,,5.0,8.719612151651495,2.0
26049,0.0,0.0,,0.0,0.0,1.0
26050,0.0,0.0,,1.0,62.53908692933083,
26051,0.0,0.0,2.0,2.0,38.27018752391887,1.0
26052,0.0,0.0,,1.0,16.611295681063122,
26053,0.0,0.0,,0.0,0.0,
26054,0.0,0.0,,0.0,0.0,
26055,28.0,15.696826998542438,,24.0,13.454423141607803,
26056,0.0,0.0,,2.0,23.860653781913623,
26057,0.0,0.0,,0.0,0.0,
26058,0.0,0.0,,2.0,12.489072061945796,
26059,0.0,0.0,,0.0,0.0,
26060,0.0,0.0,,1.0,36.99593044765076,
26061,0.0,0.0,1.0,0.0,0.0,1.0
26062,0.0,0.0,,0.0,0.0,
26063,0.0,0.0,,0.0,0.0,1.0
26064,0.0,0.0,,0.0,0.0,
26065,0.0,0.0,,0.0,0.0,
26066,0.0,0.0,,0.0,0.0,
26067,0.0,0.0,,0.0,0.0,
26068,0.0,0.0,,0.0,0.0,
26069,0.0,0.0,1.0,6.0,99.23916639100231,1.0
26070,0.0,0.0,,23.0,146.94607717863533,
26071,0.0,0.0,,6.0,27.26157481030488,
26072,0.0,0.0,1.0,9.0,63.6672325976231,1.0
26998,,,,0.0,,
26999,,,,0.0,,
27001,9.0,15.862105430127427,,1.0,1.7624561589030472,
27002,7.0,2.8171168016870505,,7.0,2.8171168016870505,
27003,3.0,2.9380080305552836,,5.0,4.896680050925473,
27004,45.0,7.027308119351801,,65.0,10.150556172397046,
27005,20.0,10.37333637617867,,11.0,5.705335006898269,
27006,10.0,7.9103910897354766,,10.0,7.9103910897354766,
27007,2.0,6.775526797208483,,7.0,23.71434379022969,
27008,20.0,11.155422929971833,,33.0,18.406447834453523,
27009,3.0,8.243796543101316,,1.0,2.747932181033772,
27010,0.0,0.0,,1.0,1.1996736887566581,
27011,0.0,0.0,,0.0,0.0,
27012,0.0,0.0,,1.0,0.6530313716270929,
27013,4.0,3.476265795282707,,11.0,9.559730937027444,
27014,4.0,4.617871161394597,,1.0,1.1544677903486493,
27015,2.0,4.319467841561919,,0.0,0.0,
27016,4.0,7.4689571468583695,,7.0,13.070675007002146,
27017,7.0,11.872455902306648,,7.0,11.872455902306648,
28001,8.0,66.28003314001657,,2.0,16.570008285004143,
28002,1.0,3.3932813030200206,,4.0,13.573125212080082,1.0
28003,18.0,8.490525988084961,1.0,29.0,13.679180758581328,4.0
28004,,,,0.0,0.0,
28005,,,1.0,0.0,0.0,1.0
28006,,,,0.0,0.0,1.0
28007,2.0,13.393156097234312,,5.0,33.482890243085784,2.0
28008,,,,0.0,0.0,
28009,8.0,4.056466006814863,,42.0,21.29644653577803,
28010,,,,0.0,0.0,1.0
28011,,,,1.0,11.381743683132257,2.0
28012,11.0,25.32519857257972,3.0,13.0,29.929780131230576,2.0
28013,7.0,44.70272686633885,,6.0,38.31662302829044,1.0
28014,,,1.0,3.0,67.00915791824883,1.0
28015,1.0,6.3391442155309035,2.0,0.0,0.0,1.0
28016,14.0,58.84083553986466,1.0,14.0,58.84083553986466,1.0
28017,6.0,39.72194637537239,1.0,2.0,13.240648791790798,1.0
28018,9.0,107.93955384984409,1.0,1.0,11.993283761093787,2.0
28019,4.0,23.077366872439853,1.0,4.0,23.077366872439853,1.0
28020,,,,3.0,116.32415664986429,1.0
28021,13.0,11.227027773939477,1.0,14.0,12.090645295011745,3.0
28022,72.0,14.718117389251278,3.0,88.0,17.988810142418227,
28023,,,,0.0,0.0,1.0
28024,8.0,167.99664006719865,1.0,8.0,167.99664006719865,1.0
28025,9.0,33.31482509716824,,17.0,62.92800296131779,1.0
28026,,,,0.0,0.0,
28027,83.0,21.612725989693594,,62.0,16.144445920012082,
28028,,,,0.0,0.0,1.0
28029,2.0,15.429717636167258,,0.0,0.0,
28030,9.0,64.19400855920114,,7.0,49.92867332382311,
28031,,,,2.0,111.42061281337048,2.0
28032,57.0,9.361281411615543,2.0,72.0,11.824776519935423,1.0
28033,3.0,2.5368048097819194,,12.0,10.147219239127677,
28034,1.0,10.716964955524595,1.0,11.0,117.88661451077056,1.0
28035,38.0,66.41034603285564,,30.0,52.42922055225446,2.0
28036,,,,0.0,0.0,
28037,2.0,8.076239702794378,,8.0,32.304958811177514,
28038,20.0,6.721469044274317,,64.0,21.508700941677812,
28039,4.0,14.507471347744088,2.0,4.0,14.507471347744088,2.0
28040,12.0,18.99635903118569,2.0,10.0,15.830299192654742,2.0
28041,133.0,41.31037760169963,,80.0,24.848347429593762,
28042,,,2.0,7.0,110.82963901203294,1.0
28043,1.0,4.37368789363191,1.0,3.0,13.12106368089573,1.0
29001,0.0,0.0,,0.0,0.0,
29002,1.0,7.484469725319961,,0.0,0.0,
29003,1.0,16.616816218012627,,0.0,0.0,
29004,0.0,0.0,,0.0,0.0,
29005,1.0,1.3073262563405323,,5.0,6.536631281702662,3.0
29006,5.0,11.158970696542951,,11.0,24.549735532394493,
29007,0.0,0.0,2.0,3.0,19.521082769390944,
29008,1.0,7.314753858532661,,0.0,0.0,
29009,0.0,0.0,,0.0,0.0,
29010,5.0,7.558693253110402,,5.0,7.558693253110402,
29011,1.0,23.337222870478413,,0.0,0.0,
29012,1.0,11.906179307060365,,1.0,11.906179307060365,
29013,6.0,7.060567905011826,,2.0,2.353522635003942,1.0
29014,0.0,0.0,3.0,0.0,0.0,2.0
29015,0.0,0.0,,2.0,5.687958591661452,
29016,0.0,0.0,,0.0,0.0,
29017,0.0,0.0,,0.0,0.0,
29018,1.0,2.8503021320259947,,1.0,2.8503021320259947,
29019,0.0,0.0,,1.0,5.34045393858478,2.0
29020,0.0,0.0,,0.0,0.0,
29021,2.0,12.01923076923077,,0.0,0.0,
29022,2.0,35.02013657853266,,2.0,35.02013657853266,
29023,2.0,8.467042038863724,,2.0,8.467042038863724,
29024,0.0,0.0,,1.0,3.9796243234638653,
29025,6.0,8.618832148243914,,1.0,1.4364720247073188,2.0
29026,0.0,0.0,,1.0,5.565449688334818,
29027,3.0,25.50369803621525,,4.0,34.004930714953666,
29028,1.0,4.614461723040008,,1.0,4.614461723040008,1.0
29029,0.0,0.0,1.0,0.0,0.0,
29030,0.0,0.0,1.0,0.0,0.0,
29031,1.0,3.4770514603616136,,0.0,0.0,
29032,1.0,8.058017727639001,,2.0,16.116035455278002,
29033,7.0,7.795534272509605,,3.0,3.340943259646974,2.0
29034,2.0,5.007636645884975,1.0,1.0,2.5038183229424873,
29035,1.0,17.89228842368939,,0.0,0.0,
29036,1.0,4.848484848484849,3.0,0.0,0.0,
29037,0.0,0.0,,0.0,0.0,
29038,2.0,13.688317021422217,,1.0,6.844158510711108,
29039,1.0,4.593688272313841,,1.0,4.593688272313841,2.0
29040,0.0,0.0,,1.0,10.228086325048585,
29041,3.0,11.1123458162018,,1.0,3.7041152720672668,
29042,0.0,0.0,,0.0,0.0,
29043,2.0,6.045766452041957,,1.0,3.0228832260209786,
29044,3.0,7.761163139649196,,4.0,10.34821751953226,
29045,0.0,0.0,,0.0,0.0,
29046,0.0,0.0,,0.0,0.0,
29047,0.0,0.0,,0.0,0.0,
29048,4.0,23.761435190685518,,0.0,0.0,
29049,0.0,0.0,,0.0,0.0,
29050,0.0,0.0,,0.0,0.0,
29051,0.0,0.0,,0.0,0.0,
29052,0.0,0.0,,0.0,0.0,
29053,1.0,14.660606949127693,,0.0,0.0,
29054,0.0,0.0,,0.0,0.0,
29055,0.0,0.0,,0.0,0.0,
29056,0.0,0.0,,1.0,14.583637159107482,
29057,0.0,0.0,,1.0,22.993791676247415,
29058,2.0,25.025025025025023,,0.0,0.0,
29059,0.0,0.0,,1.0,15.88310038119441,
29060,0.0,0.0,,0.0,0.0,
30001,0.0,0.0,,0.0,0.0,
30002,0.0,0.0,,0.0,0.0,
30003,16.0,19.089206246942744,2.0,2.0,2.386150780867843,
30004,5.0,12.196906864419184,1.0,1.0,2.4393813728838367,
30005,0.0,0.0,,0.0,0.0,
30006,0.0,0.0,,1.0,4.768035092738283,
30007,0.0,0.0,,0.0,0.0,2.0
30008,0.0,0.0,,0.0,0.0,1.0
30009,0.0,0.0,1.0,0.0,0.0,4.0
30010,10.0,16.557387906483875,,6.0,9.934432743890325,
30011,8.0,15.39794052545472,,4.0,7.69897026272736,
30012,0.0,0.0,,1.0,13.356484573260317,
30013,0.0,0.0,,0.0,0.0,
30014,0.0,0.0,,2.0,4.731711933377496,
30015,0.0,0.0,,0.0,0.0,
30016,0.0,0.0,,3.0,11.764705882352942,
30017,0.0,0.0,,0.0,0.0,
30018,0.0,0.0,,0.0,0.0,
30019,0.0,0.0,,1.0,16.680567139282736,
30020,0.0,0.0,,0.0,0.0,
30021,0.0,0.0,,3.0,13.051422605063953,
30022,0.0,0.0,,1.0,4.984299456711359,1.0
30023,9.0,18.59619397896564,,6.0,12.397462652643759,
30024,0.0,0.0,,0.0,0.0,
30025,0.0,0.0,,0.0,0.0,
30026,0.0,0.0,,1.0,4.64123271140815,
30027,0.0,0.0,,0.0,0.0,
30028,26.0,18.83266453229802,,10.0,7.243332512422315,
30029,0.0,0.0,,0.0,0.0,1.0
30030,1.0,2.3936042893388865,,0.0,0.0,
30031,0.0,0.0,,2.0,12.260160608103968,
30032,1.0,2.0579095754532544,,1.0,2.0579095754532544,
30033,0.0,0.0,,1.0,4.258399693395222,
30034,0.0,0.0,,1.0,3.8758187667144686,
30035,0.0,0.0,,0.0,0.0,
30036,0.0,0.0,,1.0,10.620220900594733,
30037,0.0,0.0,,0.0,0.0,
30038,10.0,11.534557534372981,,17.0,19.608747808434067,
30039,42.0,13.75876302168643,,12.0,3.931075149053266,4.0
30040,1.0,2.0682095509917064,,4.0,8.272838203966826,
30041,0.0,0.0,,0.0,0.0,
30042,0.0,0.0,2.0,0.0,0.0,
30043,0.0,0.0,,0.0,0.0,
30044,35.0,17.807989172742584,,25.0,12.719992266244702,
30045,17.0,29.63427814384827,,11.0,19.175121151901823,
30046,0.0,0.0,,1.0,6.382435537401073,
30047,3.0,5.713197486193106,,2.0,3.8087983241287375,
30048,8.0,6.795497982586536,,7.0,5.946060734763219,
30049,0.0,0.0,,2.0,10.147133434804667,
30050,0.0,0.0,,2.0,12.909888974954814,
30051,0.0,0.0,,3.0,13.747594171020072,
30052,0.0,0.0,,2.0,17.174753112924,
30053,0.0,0.0,4.0,2.0,7.614696363982486,
30054,0.0,0.0,,1.0,8.559445347941454,
30055,0.0,0.0,,0.0,0.0,
30056,0.0,0.0,,0.0,0.0,
30057,0.0,0.0,,0.0,0.0,
30058,3.0,5.456331162926049,,1.0,1.818777054308683,
30059,0.0,0.0,,1.0,6.572893387669252,
30060,0.0,0.0,,2.0,13.083867591259978,
30061,14.0,18.08178131377057,,2.0,2.5831116162529386,
30062,0.0,0.0,,0.0,0.0,
30063,0.0,0.0,,0.0,0.0,
30064,0.0,0.0,,0.0,0.0,
30065,2.0,3.2405457078972097,,1.0,1.6202728539486049,
30066,0.0,0.0,,0.0,0.0,
30067,0.0,0.0,,1.0,6.090875867949811,
30068,1.0,1.6733321062231221,,2.0,3.3466642124462442,
30069,0.0,0.0,,0.0,0.0,
30070,0.0,0.0,,0.0,0.0,
30071,4.0,7.331243928813621,,6.0,10.996865893220432,
30072,0.0,0.0,,0.0,0.0,
30073,2.0,4.802036063290835,,0.0,0.0,
30074,0.0,0.0,,0.0,0.0,
30075,0.0,0.0,,0.0,0.0,
30076,0.0,0.0,,2.0,14.732965009208103,
30077,18.0,42.64897523990049,,14.0,33.17142518658927,
30078,0.0,0.0,,0.0,0.0,
30079,0.0,0.0,,0.0,0.0,
30080,0.0,0.0,,2.0,9.342738356612323,
30081,0.0,0.0,,1.0,4.728132387706856,
30082,0.0,0.0,,1.0,6.710058377507885,
30083,4.0,8.028904054596547,,1.0,2.0072260136491367,
30084,0.0,0.0,,0.0,0.0,
30085,0.0,0.0,,1.0,1.5294027682190103,1.0
30086,5.0,12.270842025179768,,6.0,14.725010430215722,
30087,54.0,11.792246816093359,,23.0,5.022623643891616,1.0
30088,0.0,0.0,,1.0,20.242914979757085,
30089,0.0,0.0,,0.0,0.0,
30090,0.0,0.0,,0.0,0.0,
30091,0.0,0.0,,0.0,0.0,
30092,0.0,0.0,,0.0,0.0,
30093,0.0,0.0,,0.0,0.0,
30094,0.0,0.0,,2.0,5.37735595407738,
30095,0.0,0.0,,4.0,24.409592970037224,
30096,0.0,0.0,,0.0,0.0,
30097,0.0,0.0,,0.0,0.0,
30098,0.0,0.0,,0.0,0.0,
30099,0.0,0.0,,1.0,5.917860101787194,
30100,0.0,0.0,,2.0,8.855435023245517,
30101,0.0,0.0,,1.0,2.946289148817065,1.0
30102,15.0,14.799029183685551,,12.0,11.83922334694844,
30103,0.0,0.0,,0.0,0.0,
30104,0.0,0.0,,0.0,0.0,
30105,6.0,10.147819910022664,,2.0,3.3826066366742213,1.0
30106,0.0,0.0,,0.0,0.0,
30107,0.0,0.0,,2.0,69.03693476009664,
30108,20.0,12.671059300557527,,9.0,5.701976685250887,1.0
30109,16.0,25.429520494604173,,7.0,11.125415216389326,
30110,0.0,0.0,,0.0,0.0,
30111,0.0,0.0,,1.0,6.20347394540943,
30112,0.0,0.0,,3.0,14.811157738829918,
30113,0.0,0.0,,3.0,66.56312402928778,
30114,0.0,0.0,,0.0,0.0,
30115,0.0,0.0,,1.0,2.882841328413284,
30116,0.0,0.0,,0.0,0.0,
30117,0.0,0.0,,1.0,4.432427640618767,
30118,2.0,1.6529608661514938,,7.0,5.7853630315302285,2.0
30119,0.0,0.0,,2.0,38.095238095238095,
30120,0.0,0.0,,0.0,0.0,
30121,0.0,0.0,,2.0,8.59254167382712,
30122,0.0,0.0,,0.0,0.0,
30123,16.0,16.445677870284715,,8.0,8.222838935142358,
30124,16.0,10.088335992030213,,17.0,10.718856991532103,
30125,0.0,0.0,3.0,5.0,17.143836790673753,3.0
30126,0.0,0.0,,1.0,3.0697445972495085,
30127,0.0,0.0,,2.0,8.457374830852505,
30128,9.0,13.046881795250934,,2.0,2.899307065611319,
30129,0.0,0.0,,0.0,0.0,
30130,3.0,7.319929728674604,,7.0,17.079836033574075,
30131,19.0,9.828721593701342,,14.0,7.242215911148357,
30132,0.0,0.0,,0.0,0.0,
30133,8.0,14.45138913978106,,5.0,9.032118212363164,
30134,0.0,0.0,,1.0,4.6289867148081285,1.0
30135,0.0,0.0,,2.0,9.878982464806125,2.0
30136,0.0,0.0,5.0,0.0,0.0,
30137,0.0,0.0,,0.0,0.0,
30138,4.0,9.843973027513904,,1.0,2.460993256878476,1.0
30139,0.0,0.0,,0.0,0.0,
30140,0.0,0.0,,0.0,0.0,
30141,8.0,5.083754861340585,,2.0,1.2709387153351464,
30142,0.0,0.0,,0.0,0.0,
30143,3.0,5.31660375352225,,1.0,1.7722012511740834,
30144,0.0,0.0,,0.0,0.0,
30145,0.0,0.0,,0.0,0.0,
30146,0.0,0.0,,0.0,0.0,
30147,0.0,0.0,,0.0,0.0,
30148,0.0,0.0,,0.0,0.0,
30149,0.0,0.0,,0.0,0.0,
30150,0.0,0.0,,0.0,0.0,
30151,0.0,0.0,,3.0,12.718331354926232,
30152,0.0,0.0,,2.0,16.337199803953602,
30153,0.0,0.0,,0.0,0.0,
30154,0.0,0.0,,0.0,0.0,
30155,5.0,4.914343001484132,,1.0,0.9828686002968264,
30156,0.0,0.0,,0.0,0.0,
30157,0.0,0.0,,1.0,5.358195359802819,
30158,0.0,0.0,,2.0,7.959882193743533,
30159,0.0,0.0,,0.0,0.0,
30160,15.0,14.354204346453075,,11.0,10.526416520732255,
30161,0.0,0.0,,1.0,2.8607392150131594,
30162,0.0,0.0,,0.0,0.0,
30163,0.0,0.0,,0.0,0.0,
30164,0.0,0.0,,1.0,6.124823911312549,
30165,0.0,0.0,,0.0,0.0,
30166,0.0,0.0,,0.0,0.0,
30167,0.0,0.0,,0.0,0.0,
30168,0.0,0.0,,0.0,0.0,
30169,0.0,0.0,,2.0,8.333680570023752,
30170,0.0,0.0,,0.0,0.0,
30171,0.0,0.0,,0.0,0.0,
30172,0.0,0.0,,0.0,0.0,
30173,0.0,0.0,,8.0,15.213753232922562,
30174,28.0,29.75969049921881,,17.0,18.06838351738285,
30175,3.0,3.3417247755474855,,14.0,15.594715619221601,
30176,0.0,0.0,3.0,0.0,0.0,
30177,0.0,0.0,,0.0,0.0,
30178,0.0,0.0,,0.0,0.0,
30179,0.0,0.0,,0.0,0.0,
30180,0.0,0.0,,0.0,0.0,
30181,0.0,0.0,,1.0,2.7000027000027,
30182,0.0,0.0,,1.0,6.130831953896144,
30183,8.0,13.773156118724605,,6.0,10.329867089043454,
30184,0.0,0.0,,1.0,13.984058173682003,
30185,0.0,0.0,,1.0,20.496003279360526,
30186,0.0,0.0,,1.0,14.786337424220019,
30187,0.0,0.0,,0.0,0.0,2.0
30188,0.0,0.0,,1.0,6.096445772114857,
30189,14.0,9.765488762712573,,12.0,8.370418939467921,
30190,0.0,0.0,2.0,0.0,0.0,
30191,0.0,0.0,,0.0,0.0,2.0
30192,0.0,0.0,,0.0,0.0,
30193,126.0,22.819637928411534,,42.0,7.606545976137178,
30194,0.0,0.0,1.0,0.0,0.0,
30195,0.0,0.0,,0.0,0.0,
30196,0.0,0.0,,3.0,17.18016263887298,
30197,0.0,0.0,,3.0,26.41542660913974,
30198,0.0,0.0,,0.0,0.0,
30199,0.0,0.0,2.0,0.0,0.0,1.0
30200,0.0,0.0,,0.0,0.0,
30201,2.0,4.7706509553228535,,1.0,2.3853254776614268,
30202,0.0,0.0,,0.0,0.0,
30203,0.0,0.0,,0.0,0.0,
30204,8.0,17.38752445120626,,2.0,4.346881112801565,
30205,0.0,0.0,,0.0,0.0,
30206,0.0,0.0,,3.0,11.072562190890972,
30207,8.0,17.740325978489857,,7.0,15.522785231178622,
30208,0.0,0.0,,0.0,0.0,
30209,0.0,0.0,,0.0,0.0,
30210,0.0,0.0,,1.0,3.656841951290865,
30211,0.0,0.0,,0.0,0.0,
30212,0.0,0.0,,1.0,8.058667096462244,
30998,,,,0.0,,
30999,,,,0.0,,
31001,0.0,0.0,,0.0,0.0,
31002,0.0,0.0,1.0,0.0,0.0,
31003,0.0,0.0,1.0,0.0,0.0,
31004,0.0,0.0,,0.0,0.0,
31005,0.0,0.0,,0.0,0.0,
31006,0.0,0.0,,0.0,0.0,
31007,0.0,0.0,1.0,0.0,0.0,
31008,0.0,0.0,,0.0,0.0,
31009,0.0,0.0,,0.0,0.0,1.0
31010,0.0,0.0,,0.0,0.0,1.0
31011,0.0,0.0,,0.0,0.0,
31012,0.0,0.0,1.0,0.0,0.0,1.0
31013,0.0,0.0,,0.0,0.0,
31014,0.0,0.0,,0.0,0.0,
31015,0.0,0.0,,0.0,0.0,
31016,0.0,0.0,1.0,0.0,0.0,1.0
31017,0.0,0.0,,0.0,0.0,
31018,0.0,0.0,,0.0,0.0,
31019,0.0,0.0,,0.0,0.0,1.0
31020,0.0,0.0,,0.0,0.0,
31021,0.0,0.0,,0.0,0.0,1.0
31022,0.0,0.0,,0.0,0.0,
31023,0.0,0.0,1.0,0.0,0.0,
31024,0.0,0.0,,0.0,0.0,
31025,0.0,0.0,,0.0,0.0,
31026,0.0,0.0,,0.0,0.0,
31027,0.0,0.0,,0.0,0.0,
31028,0.0,0.0,1.0,0.0,0.0,
31029,0.0,0.0,1.0,0.0,0.0,
31030,0.0,0.0,,0.0,0.0,
31031,0.0,0.0,,0.0,0.0,
31032,0.0,0.0,1.0,0.0,0.0,1.0
31033,0.0,0.0,,0.0,0.0,
31034,0.0,0.0,,0.0,0.0,1.0
31035,0.0,0.0,,0.0,0.0,1.0
31036,0.0,0.0,1.0,0.0,0.0,3.0
31037,0.0,0.0,,0.0,0.0,
31038,0.0,0.0,,1.0,3.254043148612151,1.0
31039,0.0,0.0,1.0,0.0,0.0,
31040,0.0,0.0,,2.0,7.698229407236336,
31041,4.0,5.082010951733601,,3.0,3.811508213800201,1.0
31042,0.0,0.0,,0.0,0.0,
31043,0.0,0.0,,0.0,0.0,
31044,0.0,0.0,,0.0,0.0,
31045,0.0,0.0,,0.0,0.0,
31046,0.0,0.0,,0.0,0.0,1.0
31047,0.0,0.0,,0.0,0.0,
31048,0.0,0.0,,0.0,0.0,
31049,0.0,0.0,1.0,0.0,0.0,1.0
31050,22.0,2.6482668297357033,,19.0,2.2871395347717436,2.0
31051,0.0,0.0,,0.0,0.0,
31052,1.0,2.9430808169992346,1.0,1.0,2.9430808169992346,1.0
31053,0.0,0.0,,0.0,0.0,
31054,0.0,0.0,,0.0,0.0,1.0
31055,0.0,0.0,,0.0,0.0,
31056,0.0,0.0,,0.0,0.0,5.0
31057,0.0,0.0,,0.0,0.0,
31058,0.0,0.0,1.0,0.0,0.0,
31059,1.0,1.8532933021980058,,2.0,3.7065866043960116,
31060,0.0,0.0,,0.0,0.0,1.0
31061,0.0,0.0,1.0,0.0,0.0,
31062,0.0,0.0,1.0,0.0,0.0,
31063,0.0,0.0,,0.0,0.0,2.0
31064,0.0,0.0,,0.0,0.0,
31065,0.0,0.0,,0.0,0.0,
31066,0.0,0.0,,0.0,0.0,
31067,0.0,0.0,,0.0,0.0,
31068,0.0,0.0,,0.0,0.0,
31069,0.0,0.0,,0.0,0.0,
31070,0.0,0.0,,0.0,0.0,
31071,0.0,0.0,,0.0,0.0,
31072,0.0,0.0,,0.0,0.0,
31073,0.0,0.0,1.0,0.0,0.0,2.0
31074,0.0,0.0,,0.0,0.0,
31075,0.0,0.0,,0.0,0.0,
31076,0.0,0.0,,0.0,0.0,
31077,0.0,0.0,,0.0,0.0,
31078,0.0,0.0,,0.0,0.0,
31079,5.0,12.331368535280046,,11.0,27.1290107776161,1.0
31080,0.0,0.0,,0.0,0.0,1.0
31081,0.0,0.0,,0.0,0.0,1.0
31082,0.0,0.0,,0.0,0.0,
31083,0.0,0.0,1.0,0.0,0.0,1.0
31084,0.0,0.0,,0.0,0.0,
31085,0.0,0.0,,0.0,0.0,
31086,0.0,0.0,1.0,0.0,0.0,
31087,0.0,0.0,,0.0,0.0,
31088,0.0,0.0,,0.0,0.0,
31089,1.0,2.65357569324665,1.0,1.0,2.65357569324665,
31090,0.0,0.0,,0.0,0.0,
31091,0.0,0.0,,0.0,0.0,
31092,0.0,0.0,,0.0,0.0,1.0
31093,0.0,0.0,,0.0,0.0,
31094,0.0,0.0,,0.0,0.0,
31095,0.0,0.0,,0.0,0.0,
31096,1.0,1.3672782958243321,1.0,1.0,1.3672782958243321,1.0
31097,0.0,0.0,,0.0,0.0,
31098,0.0,0.0,1.0,0.0,0.0,3.0
31099,0.0,0.0,,0.0,0.0,1.0
31100,0.0,0.0,,0.0,0.0,
31101,1.0,1.961053477928343,1.0,1.0,1.961053477928343,
31102,4.0,5.389600765323309,1.0,0.0,0.0,4.0
31103,0.0,0.0,,0.0,0.0,
31104,0.0,0.0,,0.0,0.0,
31105,0.0,0.0,,0.0,0.0,
31106,0.0,0.0,,0.0,0.0,
32001,0.0,0.0,3.0,0.0,0.0,1.0
32002,0.0,0.0,,0.0,0.0,1.0
32003,0.0,0.0,1.0,0.0,0.0,8.0
32004,0.0,0.0,,0.0,0.0,5.0
32005,1.0,2.5051982864443723,10.0,7.0,17.536388005110602,
32006,0.0,0.0,,0.0,0.0,
32007,3.0,23.43200812309615,,1.0,7.810669374365383,
32008,0.0,0.0,,0.0,0.0,
32009,0.0,0.0,1.0,1.0,9.46521533364884,2.0
32010,53.0,24.866401737833055,11.0,34.0,15.952031303515547,12.0
32011,0.0,0.0,4.0,0.0,0.0,
32012,0.0,0.0,,0.0,0.0,
32013,0.0,0.0,,0.0,0.0,
32014,0.0,0.0,11.0,0.0,0.0,1.0
32015,0.0,0.0,1.0,0.0,0.0,2.0
32016,0.0,0.0,,0.0,0.0,1.0
32017,0.0,0.0,8.0,2.0,1.2500703164553006,11.0
32018,0.0,0.0,,0.0,0.0,
32019,2.0,8.490045421743007,9.0,4.0,16.980090843486014,20.0
32020,6.0,10.414858531504947,12.0,6.0,10.414858531504947,
32021,0.0,0.0,,0.0,0.0,
32022,0.0,0.0,8.0,1.0,4.867838193058463,8.0
32023,4.0,32.56268316509281,7.0,3.0,24.4220123738196,9.0
32024,0.0,0.0,1.0,1.0,2.0676108756332057,5.0
32025,0.0,0.0,6.0,0.0,0.0,4.0
32026,0.0,0.0,,1.0,5.6138775051928365,
32027,0.0,0.0,,0.0,0.0,
32028,0.0,0.0,1.0,0.0,0.0,
32029,5.0,22.425547183351274,4.0,0.0,0.0,
32030,0.0,0.0,10.0,0.0,0.0,6.0
32031,0.0,0.0,,0.0,0.0,2.0
32032,0.0,0.0,8.0,0.0,0.0,3.0
32033,0.0,0.0,1.0,0.0,0.0,2.0
32034,5.0,17.900615781182875,22.0,5.0,17.900615781182875,16.0
32035,0.0,0.0,,0.0,0.0,
32036,5.0,12.272950417280313,1.0,5.0,12.272950417280313,2.0
32037,0.0,0.0,4.0,0.0,0.0,9.0
32038,4.0,5.727048851726705,15.0,8.0,11.45409770345341,7.0
32039,9.0,14.355669691991132,7.0,3.0,4.785223230663711,3.0
32040,0.0,0.0,2.0,2.0,9.288069474759672,2.0
32041,0.0,0.0,,0.0,0.0,
32042,16.0,26.148918088514087,7.0,10.0,16.343073805321307,2.0
32043,0.0,0.0,,0.0,0.0,1.0
32044,0.0,0.0,,1.0,6.3873275421563624,
32045,0.0,0.0,14.0,0.0,0.0,7.0
32046,0.0,0.0,1.0,0.0,0.0,7.0
32047,0.0,0.0,,1.0,18.162005085361425,
32048,4.0,15.690581728317577,4.0,1.0,3.922645432079394,3.0
32049,9.0,27.008372595504607,21.0,10.0,30.009302883894005,24.0
32050,0.0,0.0,2.0,0.0,0.0,6.0
32051,0.0,0.0,6.0,0.0,0.0,3.0
32052,0.0,0.0,3.0,0.0,0.0,1.0
32053,0.0,0.0,2.0,2.0,15.51229349259288,
32054,0.0,0.0,6.0,0.0,0.0,
32055,2.0,6.803878210580031,7.0,2.0,6.803878210580031,10.0
32056,39.0,28.22487262621584,4.0,3.0,2.1711440481704494,3.0
32057,0.0,0.0,2.0,0.0,0.0,
32058,0.0,0.0,,0.0,0.0,
