id,nom,pop,hom,muj
1001,AGUASCALIENTES,797010,386429,410581
1002,ASIENTOS,45492,22512,22980
1003,CALVILLO,54136,26250,27886
1004,COSIO,15042,7326,7716
1005,JESUS MARIA,99590,49090,50500
1006,PABELLON DE ARTEAGA,41862,20170,21692
1007,RINCON DE ROMOS,49156,24067,25089
1008,SAN JOSE DE GRACIA,8443,4043,4400
1009,TEPEZALA,19668,9600,10068
1010,EL LLANO,18828,9573,9255
1011,SAN FRANCISCO DE LOS ROMO,35769,17578,18191
2001,ENSENADA,466814,235130,231684
2002,MEXICALI,936826,473203,463623
2003,TECATE,101079,53323,47756
2004,TIJUANA,1559683,783653,776030
2005,PLAYAS DE ROSARITO,90668,46301,44367
3001,COMONDU,70816,36436,34380
3002,MULEGE,59114,30617,28497
3003,LA PAZ,251871,126397,125474
3008,LOS CABOS,238487,123101,115386
3009,LORETO,16738,8882,7856
4001,CALKINI,52890,26072,26818
4002,CAMPECHE,259005,125561,133444
4003,CARMEN,221094,110317,110777
4004,CHAMPOTON,83021,41760,41261
4005,HECELCHAKAN,28306,14093,14213
4006,HOPELCHEN,37777,19306,18471
4007,PALIZADA,8352,4230,4122
4008,TENABO,9736,5002,4734
4009,ESCARCEGA,54184,26809,27375
4010,CALAKMUL,26882,13647,13235
4011,CANDELARIA,41194,20924,20270
5001,ABASOLO,1070,531,539
5002,ACUNA,136755,68350,68405
5003,ALLENDE,22675,11114,11561
5004,ARTEAGA,22544,11540,11004
5005,CANDELA,1808,939,869
5006,CASTANOS,25892,12945,12947
5007,CUATRO CIENEGAS,13013,6565,6448
5008,ESCOBEDO,2901,1475,1426
5009,FRANCISCO I. MADERO,55676,27739,27937
5010,FRONTERA,75215,37561,37654
5011,GENERAL CEPEDA,11682,6071,5611
5012,GUERRERO,2091,1115,976
5013,HIDALGO,1852,955,897
5014,JIMENEZ,9935,5041,4894
5015,JUAREZ,1599,827,772
5016,LAMADRID,1835,941,894
5017,MATAMOROS,107160,53353,53807
5018,MONCLOVA,216206,107401,108805
5019,MORELOS,8207,4095,4112
5020,MUZQUIZ,66834,33465,33369
5021,NADADORES,6335,3186,3149
5022,NAVA,27928,14237,13691
5023,OCAMPO,10991,5652,5339
5024,PARRAS,45401,23062,22339
5025,PIEDRAS NEGRAS,152806,76404,76402
5026,PROGRESO,3473,1774,1699
5027,RAMOS ARIZPE,75461,38302,37159
5028,SABINAS,60847,30247,30600
5029,SACRAMENTO,2314,1175,1139
5030,SALTILLO,725123,359366,365757
5031,SAN BUENAVENTURA,22149,11044,11105
5032,SAN JUAN DE SABINAS,41649,20502,21147
5033,SAN PEDRO,102650,51393,51257
5034,SIERRA MOJADA,6375,3306,3069
5035,TORREON,639629,312135,327494
5036,VIESCA,21319,10762,10557
5037,VILLA UNION,6289,3217,3072
5038,ZARAGOZA,12702,6410,6292
6001,ARMERIA,28695,14456,14239
6002,COLIMA,146904,71556,75348
6003,COMALA,20888,10543,10345
6004,COQUIMATLAN,19385,9709,9676
6005,CUAUHTEMOC,27107,13483,13624
6006,IXTLAHUACAN,5300,2679,2621
6007,MANZANILLO,161420,81007,80413
6008,MINATITLAN,8174,4196,3978
6009,TECOMAN,112726,56804,55922
6010,VILLA DE ALVAREZ,119956,58357,61599
7001,ACACOYAGUA,16814,8436,8378
7002,ACALA,28947,14473,14474
7003,ACAPETAHUA,27580,13891,13689
7004,ALTAMIRANO,29865,15019,14846
7005,AMATAN,21275,10791,10484
7006,AMATENANGO DE LA FRONTERA,29547,14447,15100
7007,AMATENANGO DEL VALLE,8728,4183,4545
7008,ANGEL ALBINO CORZO,26628,13359,13269
7009,ARRIAGA,40042,19534,20508
7010,BEJUCAL DE OCAMPO,7623,3856,3767
7011,BELLA VISTA,19281,9522,9759
7012,BERRIOZABAL,43179,21562,21617
7013,BOCHIL,30642,15219,15423
7014,EL BOSQUE,18559,9090,9469
7015,CACAHOATAN,43811,21417,22394
7016,CATAZAJA,17140,8747,8393
7017,CINTALAPA,78114,39239,38875
7018,COAPILLA,8444,4200,4244
7019,COMITAN DE DOMINGUEZ,141013,67691,73322
7020,LA CONCORDIA,44082,22120,21962
7021,COPAINALA,21050,10375,10675
7022,CHALCHIHUITAN,14027,6919,7108
7023,CHAMULA,76941,35555,41386
7024,CHANAL,10817,5376,5441
7025,CHAPULTENANGO,7332,3660,3672
7026,CHENALHO,36111,17820,18291
7027,CHIAPA DE CORZO,87603,43301,44302
7028,CHIAPILLA,5405,2781,2624
7029,CHICOASEN,5018,2516,2502
7030,CHICOMUSELO,31515,15715,15800
7031,CHILON,111554,55205,56349
7032,ESCUINTLA,30068,14786,15282
7033,FRANCISCO LEON,7000,3540,3460
7034,FRONTERA COMALAPA,67012,32631,34381
7035,FRONTERA HIDALGO,12665,6229,6436
7036,LA GRANDEZA,7272,3649,3623
7037,HUEHUETAN,33444,16355,17089
7038,HUIXTAN,21507,10599,10908
7039,HUITIUPAN,22536,11368,11168
7040,HUIXTLA,51359,24914,26445
7041,LA INDEPENDENCIA,41266,20256,21010
7042,IXHUATAN,10239,5070,5169
7043,IXTACOMITAN,10176,5077,5099
7044,IXTAPA,24517,12121,12396
7045,IXTAPANGAJOYA,5478,2775,2703
7046,JIQUIPILAS,37818,18758,19060
7047,JITOTOL,18683,9448,9235
7048,JUAREZ,21084,10481,10603
7049,LARRAINZAR,20349,10035,10314
7050,LA LIBERTAD,4974,2441,2533
7051,MAPASTEPEC,43913,21680,22233
7052,LAS MARGARITAS,111484,54787,56697
7053,MAZAPA DE MADERO,7793,3868,3925
7054,MAZATAN,26573,13165,13408
7055,METAPA,5033,2432,2601
7056,MITONTIC,11157,5497,5660
7057,MOTOZINTLA,69119,34033,35086
7058,NICOLAS RUIZ,4317,2226,2091
7059,OCOSINGO,198877,99113,99764
7060,OCOTEPEC,11878,5893,5985
7061,OCOZOCOAUTLA DE ESPINOSA,82059,40580,41479
7062,OSTUACAN,17067,8614,8453
7063,OSUMACINTA,3792,1894,1898
7064,OXCHUC,43350,21844,21506
7065,PALENQUE,110918,54786,56132
7066,PANTELHO,20589,10226,10363
7067,PANTEPEC,10870,5399,5471
7068,PICHUCALCO,29813,14820,14993
7069,PIJIJIAPAN,50079,24803,25276
7070,EL PORVENIR,13201,6586,6615
7071,VILLA COMALTITLAN,27899,13850,14049
7072,PUEBLO NUEVO SOLISTAHUACAN,31075,15104,15971
7073,RAYON,9002,4482,4520
7074,REFORMA,40711,20004,20707
7075,LAS ROSAS,25530,12659,12871
7076,SABANILLA,25187,12606,12581
7077,SALTO DE AGUA,57253,28433,28820
7078,SAN CRISTOBAL DE LAS CASAS,185917,88996,96921
7079,SAN FERNANDO,33060,16685,16375
7080,SILTEPEC,38143,19349,18794
7081,SIMOJOVEL,40297,19875,20422
7082,SITALA,12269,6113,6156
7083,SOCOLTENANGO,17125,8527,8598
7084,SOLOSUCHIAPA,8065,4054,4011
7085,SOYALO,9740,4887,4853
7086,SUCHIAPA,21045,10551,10494
7087,SUCHIATE,35056,17171,17885
7088,SUNUAPA,2235,1143,1092
7089,TAPACHULA,320451,154221,166230
7090,TAPALAPA,4121,2002,2119
7091,TAPILULA,12170,6009,6161
7092,TECPATAN,41045,20420,20625
7093,TENEJAPA,40268,19761,20507
7094,TEOPISCA,37607,18230,19377
7096,TILA,71432,35704,35728
7097,TONALA,84594,41927,42667
7098,TOTOLAPA,6375,3189,3186
7099,LA TRINITARIA,72769,35593,37176
7100,TUMBALA,31723,15591,16132
7101,TUXTLA GUTIERREZ,553374,263941,289433
7102,TUXTLA CHICO,37737,18487,19250
7103,TUZANTAN,28137,13896,14241
7104,TZIMOL,14009,6884,7125
7105,UNION JUAREZ,14089,6883,7206
7106,VENUSTIANO CARRANZA,61341,30774,30567
7107,VILLA CORZO,74477,36798,37679
7108,VILLAFLORES,98618,48595,50023
7109,YAJALON,34028,16644,17384
7110,SAN LUCAS,6734,3404,3330
7111,ZINACANTAN,36489,17176,19313
7112,SAN JUAN CANCUC,29016,14154,14862
7113,ALDAMA,5072,2438,2634
7114,BENEMERITO DE LAS AMERICAS,17282,8695,8587
7115,MARAVILLA TENEJAPA,11451,5835,5616
7116,MARQUES DE COMILLAS,9856,4993,4863
7117,MONTECRISTO DE GUERRERO,6900,3474,3426
7118,SAN ANDRES DURAZNAL,4545,2195,2350
7119,SANTIAGO EL PINAR,3245,1607,1638
8001,AHUMADA,11457,5852,5605
8002,ALDAMA,22302,11099,11203
8003,ALLENDE,8409,4258,4151
8004,AQUILES SERDAN,10688,6272,4416
8005,ASCENSION,23975,12207,11768
8006,BACHINIVA,6011,3074,2937
8007,BALLEZA,17672,8980,8692
8008,BATOPILAS,14362,7297,7065
8009,BOCOYNA,28766,14147,14619
8010,BUENAVENTURA,22378,11287,11091
8011,CAMARGO,48748,24032,24716
8012,CARICHI,8795,4403,4392
8013,CASAS GRANDES,10587,5380,5207
8014,CORONADO,2284,1184,1100
8015,COYAME DEL SOTOL,1681,917,764
8016,LA CRUZ,3982,2043,1939
8017,CUAUHTEMOC,154639,75936,78703
8018,CUSIHUIRIACHI,5414,2812,2602
8019,CHIHUAHUA,819543,399495,420048
8020,CHINIPAS,8441,4448,3993
8021,DELICIAS,137935,68013,69922
8022,DR. BELISARIO DOMINGUEZ,2911,1478,1433
8023,GALEANA,5892,2941,2951
8024,SANTA ISABEL,3937,1979,1958
8025,GOMEZ FARIAS,8624,4295,4329
8026,GRAN MORELOS,3209,1655,1554
8027,GUACHOCHI,49689,24624,25065
8028,GUADALUPE,6458,3243,3215
8029,GUADALUPE Y CALVO,53499,27053,26446
8030,GUAZAPARES,8998,4600,4398
8031,GUERRERO,39626,19912,19714
8032,HIDALGO DEL PARRAL,107061,51883,55178
8033,HUEJOTITAN,1049,522,527
8034,IGNACIO ZARAGOZA,6934,3534,3400
8035,JANOS,10953,5727,5226
8036,JIMENEZ,41265,20564,20701
8037,JUAREZ,1332131,665691,666440
8038,JULIMES,4953,2553,2400
8039,LOPEZ,4025,2101,1924
8040,MADERA,29611,14969,14642
8041,MAGUARICHI,1921,994,927
8042,MANUEL BENAVIDES,1601,871,730
8043,MATACHI,3104,1578,1526
8044,MATAMOROS,4499,2293,2206
8045,MEOQUI,43833,21930,21903
8046,MORELOS,8343,4285,4058
8047,MORIS,5312,2775,2537
8048,NAMIQUIPA,22880,11630,11250
8049,NONOAVA,2849,1479,1370
8050,NUEVO CASAS GRANDES,59337,29058,30279
8051,OCAMPO,7546,3935,3611
8052,OJINAGA,26304,13290,13014
8053,PRAXEDIS G. GUERRERO,4799,2433,2366
8054,RIVA PALACIO,8012,4076,3936
8055,ROSALES,16785,8526,8259
8056,ROSARIO,2235,1131,1104
8057,SAN FRANCISCO DE BORJA,2290,1183,1107
8058,SAN FRANCISCO DE CONCHOS,2983,1549,1434
8059,SAN FRANCISCO DEL ORO,4753,2399,2354
8060,SANTA BARBARA,10427,5183,5244
8061,SATEVO,3662,1908,1754
8062,SAUCILLO,32325,16275,16050
8063,TEMOSACHIC,6211,3216,2995
8064,EL TULE,1869,960,909
8065,URIQUE,20386,10342,10044
8066,URUACHI,8200,4150,4050
8067,VALLE DE ZARAGOZA,5105,2636,2469
9002,AZCAPOTZALCO,414711,196053,218658
9003,COYOACAN,620416,292491,327925
9004,CUAJIMALPA DE MORELOS,186391,88642,97749
9005,GUSTAVO A. MADERO,1185772,571233,614539
9006,IZTACALCO,384326,182534,201792
9007,IZTAPALAPA,1815786,880998,934788
9008,LA MAGDALENA CONTRERAS,239086,114492,124594
9009,MILPA ALTA,130582,64192,66390
9010,ALVARO OBREGON,727034,346041,380993
9011,TLAHUAC,360265,175210,185055
9012,TLALPAN,650567,312139,338428
9013,XOCHIMILCO,415007,205305,209702
9014,BENITO JUAREZ,385439,176410,209029
9015,CUAUHTEMOC,531831,251725,280106
9016,MIGUEL HIDALGO,372889,172667,200222
9017,VENUSTIANO CARRANZA,430978,203651,227327
10001,CANATLAN,31401,15633,15768
10002,CANELAS,4122,2165,1957
10003,CONETO DE COMONFORT,4530,2244,2286
10004,CUENCAME,33664,16961,16703
10005,DURANGO,582267,281702,300565
10006,GENERAL SIMON BOLIVAR,10629,5290,5339
10007,GOMEZ PALACIO,327985,161736,166249
10008,GUADALUPE VICTORIA,34052,16987,17065
10009,GUANACEVI,10149,5203,4946
10010,HIDALGO,4265,2180,2085
10011,INDE,5280,2635,2645
10012,LERDO,141043,69737,71306
10013,MAPIMI,25137,12549,12588
10014,MEZQUITAL,33396,16514,16882
10015,NAZAS,12411,6162,6249
10016,NOMBRE DE DIOS,18488,9180,9308
10017,OCAMPO,9626,4955,4671
10018,EL ORO,11320,5668,5652
10019,OTAEZ,5208,2682,2526
10020,PANUCO DE CORONADO,11927,5905,6022
10021,PENON BLANCO,10473,5309,5164
10022,POANAS,24918,12266,12652
10023,PUEBLO NUEVO,49162,24407,24755
10024,RODEO,12788,6402,6386
10025,SAN BERNARDO,3433,1805,1628
10026,SAN DIMAS,19691,10039,9652
10027,SAN JUAN DE GUADALUPE,5947,2930,3017
10028,SAN JUAN DEL RIO,11855,5851,6004
10029,SAN LUIS DEL CORDERO,2181,1112,1069
10030,SAN PEDRO DEL GALLO,1709,875,834
10031,SANTA CLARA,7003,3500,3503
10032,SANTIAGO PAPASQUIARO,44966,22382,22584
10033,SUCHIL,6761,3240,3521
10034,TAMAZULA,26368,13702,12666
10035,TEPEHUANES,10745,5282,5463
10036,TLAHUALILO,22244,11137,11107
10037,TOPIA,8581,4395,4186
10038,VICENTE GUERRERO,21117,10206,10911
10039,NUEVO IDEAL,26092,12962,13130
11001,ABASOLO,84332,40281,44051
11002,ACAMBARO,109030,51803,57227
11003,SAN MIGUEL DE ALLENDE,160383,75878,84505
11004,APASEO EL ALTO,64433,31177,33256
11005,APASEO EL GRANDE,85319,41038,44281
11006,ATARJEA,5610,2748,2862
11007,CELAYA,468469,225024,243445
11008,MANUEL DOBLADO,37145,17546,19599
11009,COMONFORT,77794,36430,41364
11010,CORONEO,11691,5462,6229
11011,CORTAZAR,88397,42650,45747
11012,CUERAMARO,27308,13071,14237
11013,DOCTOR MORA,23324,11129,12195
11014,DOLORES HIDALGO CUNA DE LA INDEPENDENCIA NACIONAL,148173,69891,78282
11015,GUANAJUATO,171709,82830,88879
11016,HUANIMARO,20117,9421,10696
11017,IRAPUATO,529440,254784,274656
11018,JARAL DEL PROGRESO,36584,17661,18923
11019,JERECUARO,50832,23555,27277
11020,LEON,1436480,701781,734699
11021,MOROLEON,49364,23282,26082
11022,OCAMPO,22683,10870,11813
11023,PENJAMO,149936,70551,79385
11024,PUEBLO NUEVO,11169,5201,5968
11025,PURISIMA DEL RINCON,68795,33782,35013
11026,ROMITA,56655,27274,29381
11027,SALAMANCA,260732,126354,134378
11028,SALVATIERRA,97054,45885,51169
11029,SAN DIEGO DE LA UNION,37103,17286,19817
11030,SAN FELIPE,106952,51340,55612
11031,SAN FRANCISCO DEL RINCON,113570,55026,58544
11032,SAN JOSE ITURBIDE,72411,34637,37774
11033,SAN LUIS DE LA PAZ,115656,54726,60930
11034,SANTA CATARINA,5120,2401,2719
11035,SANTA CRUZ DE JUVENTINO ROSAS,79214,37921,41293
11036,SANTIAGO MARAVATIO,6670,3111,3559
11037,SILAO,173024,83948,89076
11038,TARANDACUAO,11641,5511,6130
11039,TARIMORO,35571,16975,18596
11040,TIERRA BLANCA,18175,8765,9410
11041,URIANGATO,59305,28331,30974
11042,VALLE DE SANTIAGO,141058,66846,74212
11043,VICTORIA,19820,9365,10455
11044,VILLAGRAN,55782,26905,28877
11045,XICHU,11560,5534,6026
11046,YURIRIA,70782,33438,37344
12001,ACAPULCO DE JUAREZ,789971,382276,407695
12002,AHUACUOTZINGO,25027,11748,13279
12003,AJUCHITLAN DEL PROGRESO,38203,18342,19861
12004,ALCOZAUCA DE GUERRERO,18971,8917,10054
12005,ALPOYECA,6637,3114,3523
12006,APAXTLA,12389,5949,6440
12007,ARCELIA,32181,15644,16537
12008,ATENANGO DEL RIO,8390,4015,4375
12009,ATLAMAJALCINGO DEL MONTE,5706,2728,2978
12010,ATLIXTAC,26341,12674,13667
12011,ATOYAC DE ALVAREZ,61316,30113,31203
12012,AYUTLA DE LOS LIBRES,62690,30706,31984
12013,AZOYU,14429,7102,7327
12014,BENITO JUAREZ,15019,7363,7656
12015,BUENAVISTA DE CUELLAR,12688,6192,6496
12016,COAHUAYUTLA DE JOSE MARIA IZAZAGA,13025,6632,6393
12017,COCULA,14707,7060,7647
12018,COPALA,13636,6717,6919
12019,COPALILLO,14456,6860,7596
12020,COPANATOYAC,18855,9049,9806
12021,COYUCA DE BENITEZ,73460,35960,37500
12022,COYUCA DE CATALAN,42069,21849,20220
12023,CUAJINICUILAPA,25922,12944,12978
12024,CUALAC,7007,3344,3663
12025,CUAUTEPEC,15115,7554,7561
12026,CUETZALA DEL PROGRESO,9166,4443,4723
12027,CUTZAMALA DE PINZON,21388,10528,10860
12028,CHILAPA DE ALVAREZ,120790,57940,62850
12029,CHILPANCINGO DE LOS BRAVO,241717,115443,126274
12030,FLORENCIO VILLARREAL,20175,9967,10208
12031,GENERAL CANUTO A. NERI,6301,3042,3259
12032,GENERAL HELIODORO CASTILLO,36586,18348,18238
12033,HUAMUXTITLAN,14393,6823,7570
12034,HUITZUCO DE LOS FIGUEROA,37364,17935,19429
12035,IGUALA DE LA INDEPENDENCIA,140363,67611,72752
12036,IGUALAPA,10815,5290,5525
12037,IXCATEOPAN DE CUAUHTEMOC,6603,3148,3455
12038,ZIHUATANEJO DE AZUETA,118211,58314,59897
12039,JUAN R. ESCUDERO,24364,11949,12415
12040,LEONARDO BRAVO,24720,12231,12489
12041,MALINALTEPEC,29599,14110,15489
12042,MARTIR DE CUILAPAN,17702,8504,9198
12043,METLATONOC,18976,9014,9962
12044,MOCHITLAN,11376,5617,5759
12045,OLINALA,24723,11878,12845
12046,OMETEPEC,61306,29891,31415
12047,PEDRO ASCENCIO ALQUISIRAS,6978,3215,3763
12048,PETATLAN,44979,22397,22582
12049,PILCAYA,11558,5597,5961
12050,PUNGARABATO,37035,17921,19114
12051,QUECHULTENANGO,34728,16855,17873
12052,SAN LUIS ACATLAN,42360,20867,21493
12053,SAN MARCOS,48501,23896,24605
12054,SAN MIGUEL TOTOLAPAN,28009,13755,14254
12055,TAXCO DE ALARCON,104053,50432,53621
12056,TECOANAPA,44079,21733,22346
12057,TECPAN DE GALEANA,62071,30871,31200
12058,TELOLOAPAN,53769,25442,28327
12059,TEPECOACUILCO DE TRUJANO,30470,14612,15858
12060,TETIPAC,13128,6356,6772
12061,TIXTLA DE GUERRERO,40058,19369,20689
12062,TLACOACHISTLAHUACA,21306,10191,11115
12063,TLACOAPA,9967,4734,5233
12064,TLALCHAPA,11495,5737,5758
12065,TLALIXTAQUILLA DE MALDONADO,7096,3396,3700
12066,TLAPA DE COMONFORT,81419,38983,42436
12067,TLAPEHUALA,21819,10558,11261
12068,LA UNION DE ISIDORO MONTES DE OCA,25712,13087,12625
12069,XALPATLAHUAC,12240,5690,6550
12070,XOCHIHUEHUETLAN,7079,3289,3790
12071,XOCHISTLAHUACA,28089,13646,14443
12072,ZAPOTITLAN TABLAS,10516,5037,5479
12073,ZIRANDARO,18813,9799,9014
12074,ZITLALA,22587,10750,11837
12075,EDUARDO NERI,46158,22634,23524
12076,ACATEPEC,32792,16070,16722
12077,MARQUELIA,12912,6396,6516
12078,COCHOAPA EL GRANDE,18778,8945,9833
12079,JOSE JOAQUIN DE HERRERA,15678,7743,7935
12080,JUCHITAN,7166,3605,3561
12081,ILIATENCO,10522,5075,5447
13001,ACATLAN,20077,9669,10408
13002,ACAXOCHITLAN,40583,19390,21193
13003,ACTOPAN,54299,25741,28558
13004,AGUA BLANCA DE ITURBIDE,8994,4294,4700
13005,AJACUBA,17055,8375,8680
13006,ALFAJAYUCAN,18879,9208,9671
13007,ALMOLOYA,11294,5593,5701
13008,APAN,42563,20359,22204
13009,EL ARENAL,17374,8267,9107
13010,ATITALAQUIA,26904,13253,13651
13011,ATLAPEXCO,19452,9370,10082
13012,ATOTONILCO EL GRANDE,26940,12776,14164
13013,ATOTONILCO DE TULA,31078,15193,15885
13014,CALNALI,16962,8195,8767
13015,CARDONAL,18427,8919,9508
13016,CUAUTEPEC DE HINOJOSA,54500,25893,28607
13017,CHAPANTONGO,12271,6044,6227
13018,CHAPULHUACAN,22402,11328,11074
13019,CHILCUAUTLA,17436,8491,8945
13020,ELOXOCHITLAN,2800,1321,1479
13021,EMILIANO ZAPATA,13357,6322,7035
13022,EPAZOYUCAN,13830,6739,7091
13023,FRANCISCO I. MADERO,33901,16202,17699
13024,HUASCA DE OCAMPO,17182,8261,8921
13025,HUAUTLA,22621,10930,11691
13026,HUAZALINGO,12779,6295,6484
13027,HUEHUETLA,23563,11427,12136
13028,HUEJUTLA DE REYES,122905,60254,62651
13029,HUICHAPAN,44253,21176,23077
13030,IXMIQUILPAN,86363,40740,45623
13031,JACALA DE LEDEZMA,12804,6098,6706
13032,JALTOCAN,10933,5416,5517
13033,JUAREZ HIDALGO,3193,1546,1647
13034,LOLOTLA,9843,4831,5012
13035,METEPEC,11429,5339,6090
13036,SAN AGUSTIN METZQUITITLAN,9364,4480,4884
13037,METZTITLAN,21623,10255,11368
13038,MINERAL DEL CHICO,7980,3875,4105
13039,MINERAL DEL MONTE,13864,6599,7265
13040,LA MISION,10452,5147,5305
13041,MIXQUIAHUALA DE JUAREZ,42834,20483,22351
13042,MOLANGO DE ESCAMILLA,11209,5519,5690
13043,NICOLAS FLORES,6614,3177,3437
13044,NOPALA DE VILLAGRAN,15666,7689,7977
13045,OMITLAN DE JUAREZ,8963,4299,4664
13046,SAN FELIPE ORIZATLAN,39181,19406,19775
13047,PACULA,5049,2354,2695
13048,PACHUCA DE SOTO,267862,127236,140626
13049,PISAFLORES,18244,9115,9129
13050,PROGRESO DE OBREGON,22217,10536,11681
13051,MINERAL DE LA REFORMA,127404,60921,66483
13052,SAN AGUSTIN TLAXIACA,32057,15597,16460
13053,SAN BARTOLO TUTOTEPEC,18137,9006,9131
13054,SAN SALVADOR,32773,15794,16979
13055,SANTIAGO DE ANAYA,16014,7763,8251
13056,SANTIAGO TULANTEPEC DE LUGO GUERRERO,33495,15938,17557
13057,SINGUILUCAN,14851,7252,7599
13058,TASQUILLO,16865,7744,9121
13059,TECOZAUTLA,35067,16658,18409
13060,TENANGO DE DORIA,17206,8307,8899
13061,TEPEAPULCO,51664,24741,26923
13062,TEPEHUACAN DE GUERRERO,29125,14788,14337
13063,TEPEJI DEL RIO DE OCAMPO,80612,39569,41043
13064,TEPETITLAN,9940,4830,5110
13065,TETEPANGO,11112,5465,5647
13066,VILLA DE TEZONTEPEC,11654,5732,5922
13067,TEZONTEPEC DE ALDAMA,48025,23622,24403
13068,TIANGUISTENGO,14037,6853,7184
13069,TIZAYUCA,97461,48102,49359
13070,TLAHUELILPAN,17153,8401,8752
13071,TLAHUILTEPA,9753,4821,4932
13072,TLANALAPA,10248,4944,5304
13073,TLANCHINOL,36382,17975,18407
13074,TLAXCOAPAN,26758,13076,13682
13075,TOLCAYUCA,13228,6454,6774
13076,TULA DE ALLENDE,103919,50490,53429
13077,TULANCINGO DE BRAVO,151584,71287,80297
13078,XOCHIATIPAN,19067,9364,9703
13079,XOCHICOATLAN,7320,3618,3702
13080,YAHUALICA,23607,11574,12033
13081,ZACUALTIPAN DE ANGELES,32437,15416,17021
13082,ZAPOTLAN DE JUAREZ,18036,8678,9358
13083,ZEMPOALA,39143,19069,20074
13084,ZIMAPAN,38516,17948,20568
14001,ACATIC,21206,10348,10858
14002,ACATLAN DE JUAREZ,23241,12220,11021
14003,AHUALULCO DE MERCADO,21714,10677,11037
14004,AMACUECA,5545,2674,2871
14005,AMATITAN,14648,7273,7375
14006,AMECA,57340,28013,29327
14007,SAN JUANITO DE ESCOBEDO,8896,4461,4435
14008,ARANDAS,72812,35135,37677
14009,EL ARENAL,17545,8631,8914
14010,ATEMAJAC DE BRIZUELA,6655,3303,3352
14011,ATENGO,5400,2797,2603
14012,ATENGUILLO,4115,2014,2101
14013,ATOTONILCO EL ALTO,57717,28217,29500
14014,ATOYAC,8276,3962,4314
14015,AUTLAN DE NAVARRO,57559,28210,29349
14016,AYOTLAN,38291,18603,19688
14017,AYUTLA,12664,6308,6356
14018,LA BARCA,64269,30920,33349
14019,BOLANOS,6820,3384,3436
14020,CABO CORRIENTES,10029,5176,4853
14021,CASIMIRO CASTILLO,21475,10667,10808
14022,CIHUATLAN,39020,19694,19326
14023,ZAPOTLAN EL GRANDE,100534,48661,51873
14024,COCULA,26174,12721,13453
14025,COLOTLAN,18091,8711,9380
14026,CONCEPCION DE BUENOS AIRES,5933,3011,2922
14027,CUAUTITLAN DE GARCIA BARRAGAN,17322,8763,8559
14028,CUAUTLA,2171,1045,1126
14029,CUQUIO,17795,8488,9307
14030,CHAPALA,48839,23902,24937
14031,CHIMALTITAN,3771,1869,1902
14032,CHIQUILISTLAN,5814,2896,2918
14033,DEGOLLADO,21132,10119,11013
14034,EJUTLA,2082,1072,1010
14035,ENCARNACION DE DIAZ,51396,24692,26704
14036,ETZATLAN,18632,9157,9475
14037,EL GRULLO,23845,11622,12223
14038,GUACHINANGO,4323,2178,2145
14039,GUADALAJARA,1495189,717404,777785
14040,HOSTOTIPAQUILLO,10284,5501,4783
14041,HUEJUCAR,6084,2905,3179
14042,HUEJUQUILLA EL ALTO,8781,4237,4544
14043,LA HUERTA,23428,11845,11583
14044,IXTLAHUACAN DE LOS MEMBRILLOS,41060,20419,20641
14045,IXTLAHUACAN DEL RIO,19005,9175,9830
14046,JALOSTOTITLAN,31948,15598,16350
14047,JAMAY,22881,11337,11544
14048,JESUS MARIA,18634,8571,10063
14049,JILOTLAN DE LOS DOLORES,9545,4905,4640
14050,JOCOTEPEC,42164,20839,21325
14051,JUANACATLAN,13218,6675,6543
14052,JUCHITLAN,5515,2637,2878
14053,LAGOS DE MORENO,153817,74472,79345
14054,EL LIMON,5499,2752,2747
14055,MAGDALENA,21321,10583,10738
14056,SANTA MARIA DEL ORO,2517,1273,1244
14057,LA MANZANILLA DE LA PAZ,3755,1790,1965
14058,MASCOTA,14245,7010,7235
14059,MAZAMITLA,13225,6288,6937
14060,MEXTICACAN,6034,2777,3257
14061,MEZQUITIC,18084,8745,9339
14062,MIXTLAN,3574,1800,1774
14063,OCOTLAN,92967,45453,47514
14064,OJUELOS DE JALISCO,30097,14636,15461
14065,PIHUAMO,12119,6045,6074
14066,PONCITLAN,48408,23721,24687
14067,PUERTO VALLARTA,255681,128577,127104
14068,VILLA PURIFICACION,11623,5933,5690
14069,QUITUPAN,8691,4066,4625
14070,EL SALTO,138226,69006,69220
14071,SAN CRISTOBAL DE LA BARRANCA,3176,1583,1593
14072,SAN DIEGO DE ALEJANDRIA,6647,3172,3475
14073,SAN JUAN DE LOS LAGOS,65219,32066,33153
14074,SAN JULIAN,15454,7296,8158
14075,SAN MARCOS,3762,1918,1844
14076,SAN MARTIN DE BOLANOS,3405,1704,1701
14077,SAN MARTIN HIDALGO,26306,12785,13521
14078,SAN MIGUEL EL ALTO,31166,14999,16167
14079,GOMEZ FARIAS,14011,6778,7233
14080,SAN SEBASTIAN DEL OESTE,5755,3008,2747
14081,SANTA MARIA DE LOS ANGELES,3726,1758,1968
14082,SAYULA,34829,16733,18096
14083,TALA,69031,34313,34718
14084,TALPA DE ALLENDE,14410,7215,7195
14085,TAMAZULA DE GORDIANO,37986,18512,19474
14086,TAPALPA,18096,8848,9248
14087,TECALITLAN,16847,8220,8627
14088,TECOLOTLAN,16573,8292,8281
14089,TECHALUTA DE MONTENEGRO,3511,1722,1789
14090,TENAMAXTLAN,7051,3495,3556
14091,TEOCALTICHE,40105,18973,21132
14092,TEOCUITATLAN DE CORONA,10837,5307,5530
14093,TEPATITLAN DE MORELOS,136123,66244,69879
14094,TEQUILA,40697,20148,20549
14095,TEUCHITLAN,9088,4425,4663
14096,TIZAPAN EL ALTO,20857,10163,10694
14097,TLAJOMULCO DE ZUNIGA,416626,206958,209668
14098,TLAQUEPAQUE,608114,299904,308210
14099,TOLIMAN,9591,4724,4867
14100,TOMATLAN,35050,17822,17228
14101,TONALA,478689,243241,235448
14102,TONAYA,5930,2874,3056
14103,TONILA,7256,3573,3683
14104,TOTATICHE,4435,2209,2226
14105,TOTOTLAN,21871,10668,11203
14106,TUXCACUESCO,4234,2168,2066
14107,TUXCUECA,6316,3054,3262
14108,TUXPAN,34182,16442,17740
14109,UNION DE SAN ANTONIO,17325,8306,9019
14110,UNION DE TULA,13737,6620,7117
14111,VALLE DE GUADALUPE,6705,3333,3372
14112,VALLE DE JUAREZ,5798,2806,2992
14113,SAN GABRIEL,15310,7507,7803
14114,VILLA CORONA,16969,8357,8612
14115,VILLA GUERRERO,5638,2785,2853
14116,VILLA HIDALGO,18711,9043,9668
14117,CANADAS DE OBREGON,4152,2015,2137
14118,YAHUALICA DE GONZALEZ GALLO,22284,10586,11698
14119,ZACOALCO DE TORRES,27901,13698,14203
14120,ZAPOPAN,1243756,607907,635849
14121,ZAPOTILTIC,29192,14181,15011
14122,ZAPOTITLAN DE VADILLO,6685,3328,3357
14123,ZAPOTLAN DEL REY,17585,8671,8914
14124,ZAPOTLANEJO,63636,31114,32522
14125,SAN IGNACIO CERRO GORDO,17626,8501,9125
15001,ACAMBAY,60918,29449,31469
15002,ACOLMAN,136558,68392,68166
15003,ACULCO,44823,22043,22780
15004,ALMOLOYA DE ALQUISIRAS,14856,7091,7765
15005,ALMOLOYA DE JUAREZ,147653,73783,73870
15006,ALMOLOYA DEL RIO,10886,5199,5687
15007,AMANALCO,22868,11224,11644
15008,AMATEPEC,26334,12799,13535
15009,AMECAMECA,48421,23240,25181
15010,APAXCO,27521,13576,13945
15011,ATENCO,56243,27933,28310
15012,ATIZAPAN,10299,4967,5332
15013,ATIZAPAN DE ZARAGOZA,489937,238124,251813
15014,ATLACOMULCO,93718,44905,48813
15015,ATLAUTLA,27663,13396,14267
15016,AXAPUSCO,25559,12666,12893
15017,AYAPANGO,8864,4353,4511
15018,CALIMAYA,47033,23061,23972
15019,CAPULHUAC,34101,16541,17560
15020,COACALCO DE BERRIOZABAL,278064,134141,143923
15021,COATEPEC HARINAS,36174,17472,18702
15022,COCOTITLAN,12142,5976,6166
15023,COYOTEPEC,39030,19282,19748
15024,CUAUTITLAN,140059,69079,70980
15025,CHALCO,310130,151403,158727
15026,CHAPA DE MOTA,27551,13532,14019
15027,CHAPULTEPEC,9676,4738,4938
15028,CHIAUTLA,26191,12759,13432
15029,CHICOLOAPAN,175053,85377,89676
15030,CHICONCUAC,22819,11138,11681
15031,CHIMALHUACAN,614453,302297,312156
15032,DONATO GUERRA,33455,16484,16971
15033,ECATEPEC DE MORELOS,1656107,806443,849664
15034,ECATZINGO,9369,4582,4787
15035,HUEHUETOCA,100023,49372,50651
15036,HUEYPOXTLA,39864,19860,20004
15037,HUIXQUILUCAN,242167,116502,125665
15038,ISIDRO FABELA,10308,5097,5211
15039,IXTAPALUCA,467361,227846,239515
15040,IXTAPAN DE LA SAL,33541,16082,17459
15041,IXTAPAN DEL ORO,6629,3326,3303
15042,IXTLAHUACA,141482,68388,73094
15043,XALATLACO,26865,13058,13807
15044,JALTENCO,26328,12844,13484
15045,JILOTEPEC,83755,41088,42667
15046,JILOTZINGO,17970,8864,9106
15047,JIQUIPILCO,69031,33299,35732
15048,JOCOTITLAN,61204,29503,31701
15049,JOQUICINGO,12840,6201,6639
15050,JUCHITEPEC,23497,11503,11994
15051,LERMA,134799,66669,68130
15052,MALINALCO,25624,12585,13039
15053,MELCHOR OCAMPO,50240,24570,25670
15054,METEPEC,214162,103059,111103
15055,MEXICALTZINGO,11712,5658,6054
15056,MORELOS,28426,13617,14809
15057,NAUCALPAN DE JUAREZ,833779,404974,428805
15058,NEZAHUALCOYOTL,1110565,536943,573622
15059,NEXTLALPAN,31691,15637,16054
15060,NICOLAS ROMERO,366602,180139,186463
15061,NOPALTEPEC,8895,4427,4468
15062,OCOYOACAC,61805,30365,31440
15063,OCUILAN,31803,15540,16263
15064,EL ORO,34446,16829,17617
15065,OTUMBA,34232,17330,16902
15066,OTZOLOAPAN,4864,2464,2400
15067,OTZOLOTEPEC,78146,38318,39828
15068,OZUMBA,27207,13077,14130
15069,PAPALOTLA,4147,2012,2135
15070,LA PAZ,253845,123956,129889
15071,POLOTITLAN,13002,6364,6638
15072,RAYON,12748,6252,6496
15073,SAN ANTONIO LA ISLA,22152,10886,11266
15074,SAN FELIPE DEL PROGRESO,121396,58173,63223
15075,SAN MARTIN DE LAS PIRAMIDES,24851,12278,12573
15076,SAN MATEO ATENCO,72579,35597,36982
15077,SAN SIMON DE GUERRERO,6272,3026,3246
15078,SANTO TOMAS,9111,4458,4653
15079,SOYANIQUILPAN DE JUAREZ,11798,5778,6020
15080,SULTEPEC,25809,12267,13542
15081,TECAMAC,364579,177713,186866
15082,TEJUPILCO,71077,34411,36666
15083,TEMAMATLA,11206,5447,5759
15084,TEMASCALAPA,35987,17916,18071
15085,TEMASCALCINGO,62695,30220,32475
15086,TEMASCALTEPEC,32870,16142,16728
15087,TEMOAYA,90010,43963,46047
15088,TENANCINGO,90946,44239,46707
15089,TENANGO DEL AIRE,10578,5164,5414
15090,TENANGO DEL VALLE,77965,38072,39893
15091,TEOLOYUCAN,63115,31240,31875
15092,TEOTIHUACAN,53010,26000,27010
15093,TEPETLAOXTOC,27944,13714,14230
15094,TEPETLIXPA,18327,9003,9324
15095,TEPOTZOTLAN,88559,43521,45038
15096,TEQUIXQUIAC,33907,16794,17113
15097,TEXCALTITLAN,17390,8366,9024
15098,TEXCALYACAC,5111,2506,2605
15099,TEXCOCO,235151,115648,119503
15100,TEZOYUCA,35199,17404,17795
15101,TIANGUISTENCO,70682,34277,36405
15102,TIMILPAN,15391,7389,8002
15103,TLALMANALCO,46130,22333,23797
15104,TLALNEPANTLA DE BAZ,664225,321747,342478
15105,TLATLAYA,32997,16074,16923
15106,TOLUCA,819561,394836,424725
15107,TONATICO,12099,5799,6300
15108,TULTEPEC,131567,64287,67280
15109,TULTITLAN,486998,238340,248658
15110,VALLE DE BRAVO,61599,30296,31303
15111,VILLA DE ALLENDE,47709,23413,24296
15112,VILLA DEL CARBON,44881,22433,22448
15113,VILLA GUERRERO,59991,29293,30698
15114,VILLA VICTORIA,94369,46657,47712
15115,XONACATLAN,46331,22871,23460
15116,ZACAZONAPAN,4051,2033,2018
15117,ZACUALPAN,15121,7217,7904
15118,ZINACANTEPEC,167759,82109,85650
15119,ZUMPAHUACAN,16365,7780,8585
15120,ZUMPANGO,159647,78608,81039
15121,CUAUTITLAN IZCALLI,511675,248552,263123
15122,VALLE DE CHALCO SOLIDARIDAD,357645,175772,181873
15123,LUVIANOS,27781,13719,14062
15124,SAN JOSE DEL RINCON,91345,45084,46261
15125,TONANITLA,10216,5058,5158
16001,ACUITZIO,10987,5259,5728
16002,AGUILILLA,16214,8174,8040
16003,ALVARO OBREGON,20913,9984,10929
16004,ANGAMACUTIRO,14684,6936,7748
16005,ANGANGUEO,10768,5201,5567
16006,APATZINGAN,123649,60907,62742
16007,APORO,3218,1537,1681
16008,AQUILA,23536,11917,11619
16009,ARIO,34848,16925,17923
16010,ARTEAGA,21790,10846,10944
16011,BRISENAS,10653,5138,5515
16012,BUENAVISTA,42234,21308,20926
16013,CARACUARO,9212,4617,4595
16014,COAHUAYANA,14136,7256,6880
16015,COALCOMAN DE VAZQUEZ PALLARES,17615,8601,9014
16016,COENEO,20492,9360,11132
16017,CONTEPEC,32954,16007,16947
16018,COPANDARO,8952,4191,4761
16019,COTIJA,19644,9259,10385
16020,CUITZEO,28227,13253,14974
16021,CHARAPAN,12163,5649,6514
16022,CHARO,21723,11463,10260
16023,CHAVINDA,9975,4847,5128
16024,CHERAN,18141,8701,9440
16025,CHILCHOTA,36293,17360,18933
16026,CHINICUILA,5271,2696,2575
16027,CHUCANDIRO,5166,2320,2846
16028,CHURINTZIO,5564,2599,2965
16029,CHURUMUCO,14366,7167,7199
16030,ECUANDUREO,12855,5855,7000
16031,EPITACIO HUERTA,16218,7785,8433
16032,ERONGARICUARO,14555,7005,7550
16033,GABRIEL ZAMORA,21294,10500,10794
16034,HIDALGO,117620,56532,61088
16035,LA HUACANA,32757,16176,16581
16036,HUANDACAREO,11592,5399,6193
16037,HUANIQUEO,7983,3639,4344
16038,HUETAMO,41937,20531,21406
16039,HUIRAMBA,7925,3883,4042
16040,INDAPARAPEO,16427,7886,8541
16041,IRIMBO,14766,6983,7783
16042,IXTLAN,13584,6621,6963
16043,JACONA,64011,30951,33060
16044,JIMENEZ,13275,6285,6990
16045,JIQUILPAN,34199,16134,18065
16046,JUAREZ,13604,6592,7012
16047,JUNGAPEO,19986,9762,10224
16048,LAGUNILLAS,5506,2665,2841
16049,MADERO,17427,8700,8727
16050,MARAVATIO,80258,38228,42030
16051,MARCOS CASTELLANOS,13031,6309,6722
16052,LAZARO CARDENAS,178817,89221,89596
16053,MORELIA,729279,348994,380285
16054,MORELOS,8091,3630,4461
16055,MUGICA,44963,22135,22828
16056,NAHUATZEN,27174,13090,14084
16057,NOCUPETARO,7799,3835,3964
16058,NUEVO PARANGARICUTIRO,18834,9108,9726
16059,NUEVO URECHO,8240,4101,4139
16060,NUMARAN,9599,4557,5042
16061,OCAMPO,22628,11242,11386
16062,PAJACUARAN,19450,9430,10020
16063,PANINDICUARO,16064,7514,8550
16064,PARACUARO,25343,12681,12662
16065,PARACHO,34721,16422,18299
16066,PATZCUARO,87794,41827,45967
16067,PENJAMILLO,17159,7986,9173
16068,PERIBAN,25296,12566,12730
16069,LA PIEDAD,99576,47492,52084
16070,PUREPERO,15306,7423,7883
16071,PURUANDIRO,67837,31746,36091
16072,QUERENDARO,13550,6546,7004
16073,QUIROGA,25592,12109,13483
16074,COJUMATLAN DE REGULES,9980,4863,5117
16075,LOS REYES,64141,31265,32876
16076,SAHUAYO,72841,35298,37543
16077,SAN LUCAS,18461,9044,9417
16078,SANTA ANA MAYA,12618,5767,6851
16079,SALVADOR ESCALANTE,45217,21796,23421
16080,SENGUIO,18427,8829,9598
16081,SUSUPUATO,8704,4310,4394
16082,TACAMBARO,69955,34010,35945
16083,TANCITARO,29414,14727,14687
16084,TANGAMANDAPIO,27822,13277,14545
16085,TANGANCICUARO,32677,15740,16937
16086,TANHUATO,15176,7354,7822
16087,TARETAN,13558,6636,6922
16088,TARIMBARO,78623,37951,40672
16089,TEPALCATEPEC,22987,11559,11428
16090,TINGAMBATO,13950,6731,7219
16091,TINGÜINDIN,13511,6448,7063
16092,TIQUICHEO DE NICOLAS ROMERO,14274,7143,7131
16093,TLALPUJAHUA,27587,13104,14483
16094,TLAZAZALCA,6890,3344,3546
16095,TOCUMBO,11504,5674,5830
16096,TUMBISCATIO,7890,3972,3918
16097,TURICATO,31877,15364,16513
16098,TUXPAN,26026,12502,13524
16099,TUZANTLA,16305,8060,8245
16100,TZINTZUNTZAN,13556,6344,7212
16101,TZITZIO,9166,4633,4533
16102,URUAPAN,315350,152442,162908
16103,VENUSTIANO CARRANZA,23457,11527,11930
16104,VILLAMAR,16991,8063,8928
16105,VISTA HERMOSA,18995,9288,9707
16106,YURECUARO,29995,14505,15490
16107,ZACAPU,73455,35300,38155
16108,ZAMORA,186102,89746,96356
16109,ZINAPARO,3247,1479,1768
16110,ZINAPECUARO,46666,22275,24391
16111,ZIRACUARETIRO,15222,7441,7781
16112,ZITACUARO,155534,74715,80819
16113,JOSE SIXTO VERDUZCO,25576,12029,13547
17001,AMACUZAC,17021,8223,8798
17002,ATLATLAHUCAN,18895,9240,9655
17003,AXOCHIAPAN,33695,16458,17237
17004,AYALA,78866,38186,40680
17005,COATLAN DEL RIO,9471,4684,4787
17006,CUAUTLA,175207,83676,91531
17007,CUERNAVACA,365168,172901,192267
17008,EMILIANO ZAPATA,83485,40761,42724
17009,HUITZILAC,17340,8527,8813
17010,JANTETELCO,15646,7629,8017
17011,JIUTEPEC,196953,94766,102187
17012,JOJUTLA,55115,26430,28685
17013,JONACATEPEC,14604,7002,7602
17014,MAZATEPEC,9456,4578,4878
17015,MIACATLAN,24990,12107,12883
17016,OCUITUCO,16858,8273,8585
17017,PUENTE DE IXTLA,61585,30152,31433
17018,TEMIXCO,108126,52374,55752
17019,TEPALCINGO,25346,12280,13066
17020,TEPOZTLAN,41629,20291,21338
17021,TETECALA,7441,3680,3761
17022,TETELA DEL VOLCAN,19138,9207,9931
17023,TLALNEPANTLA,6636,3330,3306
17024,TLALTIZAPAN,48881,23865,25016
17025,TLAQUILTENANGO,31534,15608,15926
17026,TLAYACAPAN,16543,8102,8441
17027,TOTOLAPAN,10789,5247,5542
17028,XOCHITEPEC,63382,32161,31221
17029,YAUTEPEC,97827,47581,50246
17030,YECAPIXTLA,46809,22967,23842
17031,ZACATEPEC,35063,16934,18129
17032,ZACUALPAN,9087,4452,4635
17033,TEMOAC,14641,6916,7725
18001,ACAPONETA,36572,18289,18283
18002,AHUACATLAN,15229,7621,7608
18003,AMATLAN DE CANAS,11188,5665,5523
18004,COMPOSTELA,70399,35413,34986
18005,HUAJICORI,11400,5818,5582
18006,IXTLAN DEL RIO,27273,13181,14092
18007,JALA,17698,8740,8958
18008,XALISCO,49102,24037,25065
18009,DEL NAYAR,34300,17268,17032
18010,ROSAMORADA,34393,17466,16927
18011,RUIZ,23469,11861,11608
18012,SAN BLAS,43120,23123,19997
18013,SAN PEDRO LAGUNILLAS,7510,3778,3732
18014,SANTA MARIA DEL ORO,22412,11412,11000
18015,SANTIAGO IXCUINTLA,93074,47136,45938
18016,TECUALA,39756,20212,19544
18017,TEPIC,380249,185167,195082
18018,TUXPAN,30030,14923,15107
18019,LA YESCA,13600,6898,6702
18020,BAHIA DE BANDERAS,124205,62999,61206
19001,ABASOLO,2791,1406,1385
19002,AGUALEGUAS,3443,1777,1666
19003,LOS ALDAMAS,1374,708,666
19004,ALLENDE,32593,16440,16153
19005,ANAHUAC,18480,9219,9261
19006,APODACA,523370,263374,259996
19007,ARAMBERRI,15470,7869,7601
19008,BUSTAMANTE,3773,1890,1883
19009,CADEREYTA JIMENEZ,86445,43939,42506
19010,CARMEN,16092,8175,7917
19011,CERRALVO,7855,4049,3806
19012,CIENEGA DE FLORES,24526,12476,12050
19013,CHINA,10864,5585,5279
19014,DR. ARROYO,35445,17849,17596
19015,DR. COSS,1716,889,827
19016,DR. GONZALEZ,3345,1713,1632
19017,GALEANA,39991,20237,19754
19018,GARCIA,143668,72640,71028
19019,SAN PEDRO GARZA GARCIA,122659,57622,65037
19020,GRAL. BRAVO,5527,2876,2651
19021,GRAL. ESCOBEDO,357937,180332,177605
19022,GRAL. TERAN,14437,7234,7203
19023,GRAL. TREVINO,1277,626,651
19024,GRAL. ZARAGOZA,5942,3052,2890
19025,GRAL. ZUAZUA,55213,27787,27426
19026,GUADALUPE,678006,336731,341275
19027,LOS HERRERAS,2030,1001,1029
19028,HIGUERAS,1594,829,765
19029,HUALAHUISES,6914,3424,3490
19030,ITURBIDE,3558,1844,1714
19031,JUAREZ,256970,129324,127646
19032,LAMPAZOS DE NARANJO,5349,2700,2649
19033,LINARES,78669,39104,39565
19034,MARIN,5488,2808,2680
19035,MELCHOR OCAMPO,862,433,429
19036,MIER Y NORIEGA,7095,3555,3540
19037,MINA,5447,2774,2673
19038,MONTEMORELOS,59113,29370,29743
19039,MONTERREY,1135550,561656,573894
19040,PARAS,1034,512,522
19041,PESQUERIA,20843,10737,10106
19042,LOS RAMONES,5359,2720,2639
19043,RAYONES,2628,1363,1265
19044,SABINAS HIDALGO,34671,17214,17457
19045,SALINAS VICTORIA,32660,16800,15860
19046,SAN NICOLAS DE LOS GARZA,443273,219337,223936
19047,HIDALGO,16604,8318,8286
19048,SANTA CATARINA,268955,134388,134567
19049,SANTIAGO,40469,20341,20128
19050,VALLECILLO,1971,1065,906
19051,VILLALDAMA,4113,2073,2040
20001,ABEJONES,1084,483,601
20002,ACATLAN DE PEREZ FIGUEROA,44885,21866,23019
20003,ASUNCION CACALOTEPEC,2495,1206,1289
20004,ASUNCION CUYOTEPEJI,1012,469,543
20005,ASUNCION IXTALTEPEC,14751,7296,7455
20006,ASUNCION NOCHIXTLAN,17820,8437,9383
20007,ASUNCION OCOTLAN,2612,1165,1447
20008,ASUNCION TLACOLULITA,842,412,430
20009,AYOTZINTEPEC,6720,3314,3406
20010,EL BARRIO DE LA SOLEDAD,13608,6557,7051
20011,CALIHUALA,1220,595,625
20012,CANDELARIA LOXICHA,9860,4730,5130
20013,CIENEGA DE ZIMATLAN,2785,1319,1466
20014,CIUDAD IXTEPEC,26450,12677,13773
20015,COATECAS ALTAS,4712,2221,2491
20016,COICOYAN DE LAS FLORES,8531,3990,4541
20017,LA COMPANIA,3302,1557,1745
20018,CONCEPCION BUENAVISTA,834,397,437
20019,CONCEPCION PAPALO,3071,1537,1534
20020,CONSTANCIA DEL ROSARIO,3860,1795,2065
20021,COSOLAPA,14667,7057,7610
20022,COSOLTEPEC,866,394,472
20023,CUILAPAM DE GUERRERO,18428,8824,9604
20024,CUYAMECALCO VILLA DE ZARAGOZA,3846,1949,1897
20025,CHAHUITES,11105,5498,5607
20026,CHALCATONGO DE HIDALGO,8481,3923,4558
20027,CHIQUIHUITLAN DE BENITO JUAREZ,2458,1157,1301
20028,HEROICA CIUDAD DE EJUTLA DE CRESPO,19679,9233,10446
20029,ELOXOCHITLAN DE FLORES MAGON,4263,2024,2239
20030,EL ESPINAL,8310,4031,4279
20031,TAMAZULAPAM DEL ESPIRITU SANTO,7362,3434,3928
20032,FRESNILLO DE TRUJANO,1033,489,544
20033,GUADALUPE ETLA,2433,1150,1283
20034,GUADALUPE DE RAMIREZ,1425,689,736
20035,GUELATAO DE JUAREZ,544,267,277
20036,GUEVEA DE HUMBOLDT,5285,2581,2704
20037,MESONES HIDALGO,4402,1984,2418
20038,VILLA HIDALGO,2112,1000,1112
20039,HEROICA CIUDAD DE HUAJUAPAN DE LEON,69839,32910,36929
20040,HUAUTEPEC,5995,2824,3171
20041,HUAUTLA DE JIMENEZ,30004,13952,16052
20042,IXTLAN DE JUAREZ,7674,3755,3919
20043,HEROICA CIUDAD DE JUCHITAN DE ZARAGOZA,93038,45210,47828
20044,LOMA BONITA,41535,19779,21756
20045,MAGDALENA APASCO,7522,3576,3946
20046,MAGDALENA JALTEPEC,3313,1540,1773
20047,SANTA MAGDALENA JICOTLAN,93,40,53
20048,MAGDALENA MIXTEPEC,1304,642,662
20049,MAGDALENA OCOTLAN,1141,546,595
20050,MAGDALENA PENASCO,3778,1755,2023
20051,MAGDALENA TEITIPAC,4368,2059,2309
20052,MAGDALENA TEQUISISTLAN,6182,3026,3156
20053,MAGDALENA TLACOTEPEC,1221,581,640
20054,MAGDALENA ZAHUATLAN,409,194,215
20055,MARISCALA DE JUAREZ,3530,1690,1840
20056,MARTIRES DE TACUBAYA,1451,705,746
20057,MATIAS ROMERO AVENDANO,38019,18198,19821
20058,MAZATLAN VILLA DE FLORES,13435,6634,6801
20059,MIAHUATLAN DE PORFIRIO DIAZ,41387,19792,21595
20060,MIXISTLAN DE LA REFORMA,2770,1292,1478
20061,MONJAS,2568,1166,1402
20062,NATIVIDAD,586,272,314
20063,NAZARENO ETLA,3882,1825,2057
20064,NEJAPA DE MADERO,7390,3609,3781
20065,IXPANTEPEC NIEVES,1182,526,656
20066,SANTIAGO NILTEPEC,5353,2655,2698
20067,OAXACA DE JUAREZ,263357,122446,140911
20068,OCOTLAN DE MORELOS,21341,10208,11133
20069,LA PE,2446,1162,1284
20070,PINOTEPA DE DON LUIS,6629,3248,3381
20071,PLUMA HIDALGO,3060,1503,1557
20072,SAN JOSE DEL PROGRESO,6579,3168,3411
20073,PUTLA VILLA DE GUERRERO,31897,14982,16915
20074,SANTA CATARINA QUIOQUITANI,505,245,260
20075,REFORMA DE PINEDA,2671,1310,1361
20076,LA REFORMA,3331,1574,1757
20077,REYES ETLA,3568,1700,1868
20078,ROJAS DE CUAUHTEMOC,1092,515,577
20079,SALINA CRUZ,82371,39508,42863
20080,SAN AGUSTIN AMATENGO,1312,614,698
20081,SAN AGUSTIN ATENANGO,1914,897,1017
20082,SAN AGUSTIN CHAYUCO,3952,1846,2106
20083,SAN AGUSTIN DE LAS JUNTAS,8089,3956,4133
20084,SAN AGUSTIN ETLA,3893,1844,2049
20085,SAN AGUSTIN LOXICHA,22565,11108,11457
20086,SAN AGUSTIN TLACOTEPEC,874,368,506
20087,SAN AGUSTIN YATARENI,4075,1916,2159
20088,SAN ANDRES CABECERA NUEVA,2851,1396,1455
20089,SAN ANDRES DINICUITI,2152,1034,1118
20090,SAN ANDRES HUAXPALTEPEC,5867,2850,3017
20091,SAN ANDRES HUAYAPAM,4879,2296,2583
20092,SAN ANDRES IXTLAHUACA,1439,664,775
20093,SAN ANDRES LAGUNAS,505,239,266
20094,SAN ANDRES NUXINO,1898,897,1001
20095,SAN ANDRES PAXTLAN,3990,1970,2020
20096,SAN ANDRES SINAXTLA,772,364,408
20097,SAN ANDRES SOLAGA,1740,833,907
20098,SAN ANDRES TEOTILALPAM,4427,2106,2321
20099,SAN ANDRES TEPETLAPA,475,225,250
20100,SAN ANDRES YAA,497,228,269
20101,SAN ANDRES ZABACHE,726,317,409
20102,SAN ANDRES ZAUTLA,4405,2135,2270
20103,SAN ANTONINO CASTILLO VELASCO,5651,2690,2961
20104,SAN ANTONINO EL ALTO,2508,1228,1280
20105,SAN ANTONINO MONTE VERDE,6650,3079,3571
20106,SAN ANTONIO ACUTLA,297,126,171
20107,SAN ANTONIO DE LA CAL,21456,10112,11344
20108,SAN ANTONIO HUITEPEC,4289,2012,2277
20109,SAN ANTONIO NANAHUATIPAM,1233,617,616
20110,SAN ANTONIO SINICAHUA,1603,738,865
20111,SAN ANTONIO TEPETLAPA,4394,2111,2283
20112,SAN BALTAZAR CHICHICAPAM,2439,1132,1307
20113,SAN BALTAZAR LOXICHA,2832,1381,1451
20114,SAN BALTAZAR YATZACHI EL BAJO,677,314,363
20115,SAN BARTOLO COYOTEPEC,8684,4141,4543
20116,SAN BARTOLOME AYAUTLA,4052,1941,2111
20117,SAN BARTOLOME LOXICHA,2422,1173,1249
20118,SAN BARTOLOME QUIALANA,2470,1026,1444
20119,SAN BARTOLOME YUCUANE,399,163,236
20120,SAN BARTOLOME ZOOGOCHO,368,160,208
20121,SAN BARTOLO SOYALTEPEC,655,291,364
20122,SAN BARTOLO YAUTEPEC,677,333,344
20123,SAN BERNARDO MIXTEPEC,2705,1296,1409
20124,SAN BLAS ATEMPA,17094,8525,8569
20125,SAN CARLOS YAUTEPEC,11813,5902,5911
20126,SAN CRISTOBAL AMATLAN,5024,2365,2659
20127,SAN CRISTOBAL AMOLTEPEC,1283,601,682
20128,SAN CRISTOBAL LACHIRIOAG,1230,591,639
20129,SAN CRISTOBAL SUCHIXTLAHUACA,334,161,173
20130,SAN DIONISIO DEL MAR,5098,2582,2516
20131,SAN DIONISIO OCOTEPEC,10500,4894,5606
20132,SAN DIONISIO OCOTLAN,1245,609,636
20133,SAN ESTEBAN ATATLAHUCA,3974,1938,2036
20134,SAN FELIPE JALAPA DE DIAZ,26838,12997,13841
20135,SAN FELIPE TEJALAPAM,7187,3419,3768
20136,SAN FELIPE USILA,11575,5565,6010
20137,SAN FRANCISCO CAHUACUA,3427,1671,1756
20138,SAN FRANCISCO CAJONOS,460,217,243
20139,SAN FRANCISCO CHAPULAPA,2136,1022,1114
20140,SAN FRANCISCO CHINDUA,827,395,432
20141,SAN FRANCISCO DEL MAR,7232,3659,3573
20142,SAN FRANCISCO HUEHUETLAN,1160,516,644
20143,SAN FRANCISCO IXHUATAN,8959,4429,4530
20144,SAN FRANCISCO JALTEPETONGO,1110,544,566
20145,SAN FRANCISCO LACHIGOLO,3474,1697,1777
20146,SAN FRANCISCO LOGUECHE,2666,1256,1410
20147,SAN FRANCISCO NUXANO,378,195,183
20148,SAN FRANCISCO OZOLOTEPEC,1945,925,1020
20149,SAN FRANCISCO SOLA,1509,726,783
20150,SAN FRANCISCO TELIXTLAHUACA,11893,5694,6199
20151,SAN FRANCISCO TEOPAN,394,205,189
20152,SAN FRANCISCO TLAPANCINGO,2152,981,1171
20153,SAN GABRIEL MIXTEPEC,4733,2263,2470
20154,SAN ILDEFONSO AMATLAN,2393,1124,1269
20155,SAN ILDEFONSO SOLA,940,470,470
20156,SAN ILDEFONSO VILLA ALTA,3478,1691,1787
20157,SAN JACINTO AMILPAS,13860,6581,7279
20158,SAN JACINTO TLACOTEPEC,2231,1094,1137
20159,SAN JERONIMO COATLAN,5449,2636,2813
20160,SAN JERONIMO SILACAYOAPILLA,1449,710,739
20161,SAN JERONIMO SOSOLA,2559,1205,1354
20162,SAN JERONIMO TAVICHE,1848,869,979
20163,SAN JERONIMO TECOATL,1606,769,837
20164,SAN JORGE NUCHITA,3215,1486,1729
20165,SAN JOSE AYUQUILA,1511,697,814
20166,SAN JOSE CHILTEPEC,11019,5279,5740
20167,SAN JOSE DEL PENASCO,2094,1038,1056
20168,SAN JOSE ESTANCIA GRANDE,977,485,492
20169,SAN JOSE INDEPENDENCIA,3684,1779,1905
20170,SAN JOSE LACHIGUIRI,3849,1757,2092
20171,SAN JOSE TENANGO,18478,8929,9549
20172,SAN JUAN ACHIUTLA,430,213,217
20173,SAN JUAN ATEPEC,1517,722,795
20174,ANIMAS TRUJANO,3759,1786,1973
20175,SAN JUAN BAUTISTA ATATLAHUCA,1724,833,891
20176,SAN JUAN BAUTISTA COIXTLAHUACA,2808,1334,1474
20177,SAN JUAN BAUTISTA CUICATLAN,9441,4601,4840
20178,SAN JUAN BAUTISTA GUELACHE,6287,2975,3312
20179,SAN JUAN BAUTISTA JAYACATLAN,1462,736,726
20180,SAN JUAN BAUTISTA LO DE SOTO,2325,1138,1187
20181,SAN JUAN BAUTISTA SUCHITEPEC,417,187,230
20182,SAN JUAN BAUTISTA TLACOATZINTEPEC,2292,1088,1204
20183,SAN JUAN BAUTISTA TLACHICHILCO,1447,681,766
20184,SAN JUAN BAUTISTA TUXTEPEC,155766,74788,80978
20185,SAN JUAN CACAHUATEPEC,8680,4216,4464
20186,SAN JUAN CIENEGUILLA,605,294,311
20187,SAN JUAN COATZOSPAM,2535,1275,1260
20188,SAN JUAN COLORADO,9494,4583,4911
20189,SAN JUAN COMALTEPEC,2517,1207,1310
20190,SAN JUAN COTZOCON,22356,10895,11461
20191,SAN JUAN CHICOMEZUCHIL,320,147,173
20192,SAN JUAN CHILATECA,1442,667,775
20193,SAN JUAN DEL ESTADO,2546,1207,1339
20194,SAN JUAN DEL RIO,1231,557,674
20195,SAN JUAN DIUXI,1256,627,629
20196,SAN JUAN EVANGELISTA ANALCO,404,197,207
20197,SAN JUAN GUELAVIA,3047,1483,1564
20198,SAN JUAN GUICHICOVI,28142,13221,14921
20199,SAN JUAN IHUALTEPEC,713,328,385
20200,SAN JUAN JUQUILA MIXES,3924,1841,2083
20201,SAN JUAN JUQUILA VIJANOS,1832,871,961
20202,SAN JUAN LACHAO,4531,2159,2372
20203,SAN JUAN LACHIGALLA,3285,1580,1705
20204,SAN JUAN LAJARCIA,715,324,391
20205,SAN JUAN LALANA,17398,8441,8957
20206,SAN JUAN DE LOS CUES,2357,1166,1191
20207,SAN JUAN MAZATLAN,17100,8432,8668
20208,SAN JUAN MIXTEPEC -DTO. 08 -,7611,3572,4039
20209,SAN JUAN MIXTEPEC -DTO. 26 -,711,277,434
20210,SAN JUAN NUMI,6666,3196,3470
20211,SAN JUAN OZOLOTEPEC,3168,1582,1586
20212,SAN JUAN PETLAPA,2807,1344,1463
20213,SAN JUAN QUIAHIJE,3628,1702,1926
20214,SAN JUAN QUIOTEPEC,2313,1153,1160
20215,SAN JUAN SAYULTEPEC,764,351,413
20216,SAN JUAN TABAA,1331,633,698
20217,SAN JUAN TAMAZOLA,3446,1678,1768
20218,SAN JUAN TEITA,607,291,316
20219,SAN JUAN TEITIPAC,2565,1232,1333
20220,SAN JUAN TEPEUXILA,2773,1429,1344
20221,SAN JUAN TEPOSCOLULA,1340,646,694
20222,SAN JUAN YAEE,1530,718,812
20223,SAN JUAN YATZONA,452,195,257
20224,SAN JUAN YUCUITA,684,314,370
20225,SAN LORENZO,5955,2842,3113
20226,SAN LORENZO ALBARRADAS,2708,1359,1349
20227,SAN LORENZO CACAOTEPEC,13704,6548,7156
20228,SAN LORENZO CUAUNECUILTITLA,771,404,367
20229,SAN LORENZO TEXMELUCAN,7048,3213,3835
20230,SAN LORENZO VICTORIA,1007,491,516
20231,SAN LUCAS CAMOTLAN,3026,1493,1533
20232,SAN LUCAS OJITLAN,21514,10395,11119
20233,SAN LUCAS QUIAVINI,1745,720,1025
20234,SAN LUCAS ZOQUIAPAM,7554,3653,3901
20235,SAN LUIS AMATLAN,3624,1657,1967
20236,SAN MARCIAL OZOLOTEPEC,1525,723,802
20237,SAN MARCOS ARTEAGA,1557,719,838
20238,SAN MARTIN DE LOS CANSECOS,816,403,413
20239,SAN MARTIN HUAMELULPAM,1077,489,588
20240,SAN MARTIN ITUNYOSO,2460,1077,1383
20241,SAN MARTIN LACHILA,1084,480,604
20242,SAN MARTIN PERAS,11361,5473,5888
20243,SAN MARTIN TILCAJETE,1742,780,962
20244,SAN MARTIN TOXPALAN,3669,1774,1895
20245,SAN MARTIN ZACATEPEC,1277,619,658
20246,SAN MATEO CAJONOS,620,280,340
20247,CAPULALPAM DE MENDEZ,1467,662,805
20248,SAN MATEO DEL MAR,14252,7203,7049
20249,SAN MATEO YOLOXOCHITLAN,3475,1654,1821
20250,SAN MATEO ETLATONGO,1181,565,616
20251,SAN MATEO NEJAPAM,1180,551,629
20252,SAN MATEO PENASCO,2116,973,1143
20253,SAN MATEO PINAS,2226,1110,1116
20254,SAN MATEO RIO HONDO,3308,1605,1703
20255,SAN MATEO SINDIHUI,2086,993,1093
20256,SAN MATEO TLAPILTEPEC,234,106,128
20257,SAN MELCHOR BETAZA,1091,503,588
20258,SAN MIGUEL ACHIUTLA,744,348,396
20259,SAN MIGUEL AHUEHUETITLAN,2465,1171,1294
20260,SAN MIGUEL ALOAPAM,2488,1175,1313
20261,SAN MIGUEL AMATITLAN,7244,3421,3823
20262,SAN MIGUEL AMATLAN,1043,508,535
20263,SAN MIGUEL COATLAN,3483,1638,1845
20264,SAN MIGUEL CHICAHUA,2274,1016,1258
20265,SAN MIGUEL CHIMALAPA,6608,3397,3211
20266,SAN MIGUEL DEL PUERTO,8481,4210,4271
20267,SAN MIGUEL DEL RIO,294,148,146
20268,SAN MIGUEL EJUTLA,916,418,498
20269,SAN MIGUEL EL GRANDE,4127,1904,2223
20270,SAN MIGUEL HUAUTLA,1399,659,740
20271,SAN MIGUEL MIXTEPEC,3245,1571,1674
20272,SAN MIGUEL PANIXTLAHUACA,6161,2852,3309
20273,SAN MIGUEL PERAS,3497,1672,1825
20274,SAN MIGUEL PIEDRAS,1296,638,658
20275,SAN MIGUEL QUETZALTEPEC,7293,3652,3641
20276,SAN MIGUEL SANTA FLOR,801,398,403
20277,VILLA SOLA DE VEGA,12525,6176,6349
20278,SAN MIGUEL SOYALTEPEC,36564,17715,18849
20279,SAN MIGUEL SUCHIXTEPEC,2911,1402,1509
20280,VILLA TALEA DE CASTRO,2394,1152,1242
20281,SAN MIGUEL TECOMATLAN,308,159,149
20282,SAN MIGUEL TENANGO,794,410,384
20283,SAN MIGUEL TEQUIXTEPEC,1042,511,531
20284,SAN MIGUEL TILQUIAPAM,3160,1385,1775
20285,SAN MIGUEL TLACAMAMA,3386,1654,1732
20286,SAN MIGUEL TLACOTEPEC,3220,1483,1737
20287,SAN MIGUEL TULANCINGO,346,134,212
20288,SAN MIGUEL YOTAO,611,297,314
20289,SAN NICOLAS,1143,519,624
20290,SAN NICOLAS HIDALGO,1012,463,549
20291,SAN PABLO COATLAN,4167,2029,2138
20292,SAN PABLO CUATRO VENADOS,1388,640,748
20293,SAN PABLO ETLA,15535,7430,8105
20294,SAN PABLO HUITZO,6307,2995,3312
20295,SAN PABLO HUIXTEPEC,9025,4256,4769
20296,SAN PABLO MACUILTIANGUIS,929,440,489
20297,SAN PABLO TIJALTEPEC,2150,948,1202
20298,SAN PABLO VILLA DE MITLA,11825,5614,6211
20299,SAN PABLO YAGANIZA,1108,518,590
20300,SAN PEDRO AMUZGOS,6468,3032,3436
20301,SAN PEDRO APOSTOL,1544,708,836
20302,SAN PEDRO ATOYAC,4136,1953,2183
20303,SAN PEDRO CAJONOS,1172,512,660
20304,SAN PEDRO COXCALTEPEC CANTAROS,851,407,444
20305,SAN PEDRO COMITANCILLO,3944,1867,2077
20306,SAN PEDRO EL ALTO,3903,1904,1999
20307,SAN PEDRO HUAMELULA,9594,4795,4799
20308,SAN PEDRO HUILOTEPEC,2839,1397,1442
20309,SAN PEDRO IXCATLAN,10371,5113,5258
20310,SAN PEDRO IXTLAHUACA,6822,3322,3500
20311,SAN PEDRO JALTEPETONGO,458,216,242
20312,SAN PEDRO JICAYAN,11555,5544,6011
20313,SAN PEDRO JOCOTIPAC,834,377,457
20314,SAN PEDRO JUCHATENGO,1693,807,886
20315,SAN PEDRO MARTIR,1711,743,968
20316,SAN PEDRO MARTIR QUIECHAPA,753,342,411
20317,SAN PEDRO MARTIR YUCUXACO,1405,667,738
20318,SAN PEDRO MIXTEPEC -DTO. 22 -,42860,20826,22034
20319,SAN PEDRO MIXTEPEC -DTO. 26 -,1099,518,581
20320,SAN PEDRO MOLINOS,723,338,385
20321,SAN PEDRO NOPALA,840,403,437
20322,SAN PEDRO OCOPETATILLO,884,408,476
20323,SAN PEDRO OCOTEPEC,2135,1030,1105
20324,SAN PEDRO POCHUTLA,43860,21514,22346
20325,SAN PEDRO QUIATONI,10491,5052,5439
20326,SAN PEDRO SOCHIAPAM,4957,2440,2517
20327,SAN PEDRO TAPANATEPEC,13992,6870,7122
20328,SAN PEDRO TAVICHE,1173,569,604
20329,SAN PEDRO TEOZACOALCO,1320,629,691
20330,SAN PEDRO TEUTILA,4277,2094,2183
20331,SAN PEDRO TIDAA,894,415,479
20332,SAN PEDRO TOPILTEPEC,406,199,207
20333,SAN PEDRO TOTOLAPAM,2603,1227,1376
20334,VILLA DE TUTUTEPEC DE MELCHOR OCAMPO,43913,21372,22541
20335,SAN PEDRO YANERI,1002,485,517
20336,SAN PEDRO YOLOX,2267,1059,1208
20337,SAN PEDRO Y SAN PABLO AYUTLA,5602,2597,3005
20338,VILLA DE ETLA,9280,4426,4854
20339,SAN PEDRO Y SAN PABLO TEPOSCOLULA,3989,1907,2082
20340,SAN PEDRO Y SAN PABLO TEQUIXTEPEC,1878,851,1027
20341,SAN PEDRO YUCUNAMA,232,99,133
20342,SAN RAYMUNDO JALPAN,2079,953,1126
20343,SAN SEBASTIAN ABASOLO,1849,882,967
20344,SAN SEBASTIAN COATLAN,2613,1261,1352
20345,SAN SEBASTIAN IXCAPA,3968,1954,2014
20346,SAN SEBASTIAN NICANANDUTA,1449,624,825
20347,SAN SEBASTIAN RIO HONDO,3664,1803,1861
20348,SAN SEBASTIAN TECOMAXTLAHUACA,8246,3929,4317
20349,SAN SEBASTIAN TEITIPAC,1976,906,1070
20350,SAN SEBASTIAN TUTLA,16241,7515,8726
20351,SAN SIMON ALMOLONGAS,2623,1214,1409
20352,SAN SIMON ZAHUATLAN,3833,1903,1930
20353,SANTA ANA,1978,957,1021
20354,SANTA ANA ATEIXTLAHUACA,510,257,253
20355,SANTA ANA CUAUHTEMOC,738,347,391
20356,SANTA ANA DEL VALLE,1993,966,1027
20357,SANTA ANA TAVELA,908,442,466
20358,SANTA ANA TLAPACOYAN,1854,875,979
20359,SANTA ANA YARENI,809,347,462
20360,SANTA ANA ZEGACHE,3592,1684,1908
20361,SANTA CATALINA QUIERI,922,415,507
20362,SANTA CATARINA CUIXTLA,1496,673,823
20363,SANTA CATARINA IXTEPEJI,2633,1267,1366
20364,SANTA CATARINA JUQUILA,14710,7145,7565
20365,SANTA CATARINA LACHATAO,1307,636,671
20366,SANTA CATARINA LOXICHA,3986,1985,2001
20367,SANTA CATARINA MECHOACAN,4543,2232,2311
20368,SANTA CATARINA MINAS,1816,889,927
20369,SANTA CATARINA QUIANE,1847,887,960
20370,SANTA CATARINA TAYATA,679,312,367
20371,SANTA CATARINA TICUA,954,423,531
20372,SANTA CATARINA YOSONOTU,1886,845,1041
20373,SANTA CATARINA ZAPOQUILA,448,214,234
20374,SANTA CRUZ ACATEPEC,1470,710,760
20375,SANTA CRUZ AMILPAS,10120,4746,5374
20376,SANTA CRUZ DE BRAVO,364,177,187
20377,SANTA CRUZ ITUNDUJIA,10975,5278,5697
20378,SANTA CRUZ MIXTEPEC,3615,1720,1895
20379,SANTA CRUZ NUNDACO,2958,1359,1599
20380,SANTA CRUZ PAPALUTLA,1972,950,1022
20381,SANTA CRUZ TACACHE DE MINA,2606,1235,1371
20382,SANTA CRUZ TACAHUA,1170,551,619
20383,SANTA CRUZ TAYATA,608,294,314
20384,SANTA CRUZ XITLA,4514,2153,2361
20385,SANTA CRUZ XOXOCOTLAN,77833,36822,41011
20386,SANTA CRUZ ZENZONTEPEC,17897,8669,9228
20387,SANTA GERTRUDIS,2858,1368,1490
20388,SANTA INES DEL MONTE,2535,1233,1302
20389,SANTA INES YATZECHE,921,389,532
20390,SANTA LUCIA DEL CAMINO,47356,22857,24499
20391,SANTA LUCIA MIAHUATLAN,3356,1634,1722
20392,SANTA LUCIA MONTEVERDE,6678,3184,3494
20393,SANTA LUCIA OCOTLAN,3604,1615,1989
20394,SANTA MARIA ALOTEPEC,2778,1381,1397
20395,SANTA MARIA APAZCO,1898,870,1028
20396,SANTA MARIA LA ASUNCION,3252,1440,1812
20397,HEROICA CIUDAD DE TLAXIACO,38453,17987,20466
20398,AYOQUEZCO DE ALDAMA,4406,2053,2353
20399,SANTA MARIA ATZOMPA,27465,13029,14436
20400,SANTA MARIA CAMOTLAN,1632,750,882
20401,SANTA MARIA COLOTEPEC,22562,11104,11458
20402,SANTA MARIA CORTIJO,1083,516,567
20403,SANTA MARIA COYOTEPEC,2772,1316,1456
20404,SANTA MARIA CHACHOAPAM,766,355,411
20405,VILLA DE CHILAPA DE DIAZ,1932,844,1088
20406,SANTA MARIA CHILCHOTLA,20584,10098,10486
20407,SANTA MARIA CHIMALAPA,8506,4256,4250
20408,SANTA MARIA DEL ROSARIO,480,249,231
20409,SANTA MARIA DEL TULE,8165,3754,4411
20410,SANTA MARIA ECATEPEC,3461,1703,1758
20411,SANTA MARIA GUELACE,816,360,456
20412,SANTA MARIA GUIENAGATI,3286,1639,1647
20413,SANTA MARIA HUATULCO,38629,18726,19903
20414,SANTA MARIA HUAZOLOTITLAN,10794,5277,5517
20415,SANTA MARIA IPALAPA,4888,2290,2598
20416,SANTA MARIA IXCATLAN,516,243,273
20417,SANTA MARIA JACATEPEC,9240,4380,4860
20418,SANTA MARIA JALAPA DEL MARQUES,11888,5707,6181
20419,SANTA MARIA JALTIANGUIS,575,257,318
20420,SANTA MARIA LACHIXIO,1680,776,904
20421,SANTA MARIA MIXTEQUILLA,4442,2158,2284
20422,SANTA MARIA NATIVITAS,681,308,373
20423,SANTA MARIA NDUAYACO,550,280,270
20424,SANTA MARIA OZOLOTEPEC,3992,1915,2077
20425,SANTA MARIA PAPALO,2209,1104,1105
20426,SANTA MARIA PENOLES,7865,3799,4066
20427,SANTA MARIA PETAPA,15387,7439,7948
20428,SANTA MARIA QUIEGOLANI,1770,886,884
20429,SANTA MARIA SOLA,1524,719,805
20430,SANTA MARIA TATALTEPEC,253,122,131
20431,SANTA MARIA TECOMAVACA,1774,847,927
20432,SANTA MARIA TEMAXCALAPA,968,465,503
20433,SANTA MARIA TEMAXCALTEPEC,2595,1204,1391
20434,SANTA MARIA TEOPOXCO,4651,2208,2443
20435,SANTA MARIA TEPANTLALI,3505,1714,1791
20436,SANTA MARIA TEXCATITLAN,1113,539,574
20437,SANTA MARIA TLAHUITOLTEPEC,9663,4680,4983
20438,SANTA MARIA TLALIXTAC,1754,841,913
20439,SANTA MARIA TONAMECA,24318,12000,12318
20440,SANTA MARIA TOTOLAPILLA,896,425,471
20441,SANTA MARIA XADANI,7781,3929,3852
20442,SANTA MARIA YALINA,354,162,192
20443,SANTA MARIA YAVESIA,448,200,248
20444,SANTA MARIA YOLOTEPEC,461,228,233
20445,SANTA MARIA YOSOYUA,1642,805,837
20446,SANTA MARIA YUCUHITI,6551,3119,3432
20447,SANTA MARIA ZACATEPEC,15076,7021,8055
20448,SANTA MARIA ZANIZA,2009,964,1045
20449,SANTA MARIA ZOQUITLAN,3359,1666,1693
20450,SANTIAGO AMOLTEPEC,12313,5930,6383
20451,SANTIAGO APOALA,1053,495,558
20452,SANTIAGO APOSTOL,4220,1879,2341
20453,SANTIAGO ASTATA,3915,1941,1974
20454,SANTIAGO ATITLAN,3180,1618,1562
20455,SANTIAGO AYUQUILILLA,2748,1284,1464
20456,SANTIAGO CACALOXTEPEC,1686,808,878
20457,SANTIAGO CAMOTLAN,3395,1704,1691
20458,SANTIAGO COMALTEPEC,1115,528,587
20459,SANTIAGO CHAZUMBA,4479,2040,2439
20460,SANTIAGO CHOAPAM,5413,2620,2793
20461,SANTIAGO DEL RIO,614,306,308
20462,SANTIAGO HUAJOLOTITLAN,4350,1972,2378
20463,SANTIAGO HUAUCLILLA,663,317,346
20464,SANTIAGO IHUITLAN PLUMAS,480,217,263
20465,SANTIAGO IXCUINTEPEC,1568,773,795
20466,SANTIAGO IXTAYUTLA,11917,5749,6168
20467,SANTIAGO JAMILTEPEC,18383,8815,9568
20468,SANTIAGO JOCOTEPEC,13568,6682,6886
20469,SANTIAGO JUXTLAHUACA,32927,15475,17452
20470,SANTIAGO LACHIGUIRI,4693,2302,2391
20471,SANTIAGO LALOPA,496,225,271
20472,SANTIAGO LAOLLAGA,3198,1594,1604
20473,SANTIAGO LAXOPA,1394,660,734
20474,SANTIAGO LLANO GRANDE,3260,1609,1651
20475,SANTIAGO MATATLAN,9653,4547,5106
20476,SANTIAGO MILTEPEC,409,197,212
20477,SANTIAGO MINAS,1430,701,729
20478,SANTIAGO NACALTEPEC,1913,919,994
20479,SANTIAGO NEJAPILLA,219,118,101
20480,SANTIAGO NUNDICHE,967,469,498
20481,SANTIAGO NUYOO,1966,926,1040
20482,SANTIAGO PINOTEPA NACIONAL,50309,24328,25981
20483,SANTIAGO SUCHILQUITONGO,9542,4555,4987
20484,SANTIAGO TAMAZOLA,4207,1922,2285
20485,SANTIAGO TAPEXTLA,3031,1539,1492
20486,VILLA TEJUPAM DE LA UNION,2469,1194,1275
20487,SANTIAGO TENANGO,1945,973,972
20488,SANTIAGO TEPETLAPA,131,62,69
20489,SANTIAGO TETEPEC,4953,2403,2550
20490,SANTIAGO TEXCALCINGO,3076,1473,1603
20491,SANTIAGO TEXTITLAN,4170,2048,2122
20492,SANTIAGO TILANTONGO,3210,1495,1715
20493,SANTIAGO TILLO,553,258,295
20494,SANTIAGO TLAZOYALTEPEC,4894,2244,2650
20495,SANTIAGO XANICA,2884,1428,1456
20496,SANTIAGO XIACUI,2171,1023,1148
20497,SANTIAGO YAITEPEC,4122,1893,2229
20498,SANTIAGO YAVEO,6665,3326,3339
20499,SANTIAGO YOLOMECATL,2021,932,1089
20500,SANTIAGO YOSONDUA,7883,3723,4160
20501,SANTIAGO YUCUYACHI,940,446,494
20502,SANTIAGO ZACATEPEC,5515,2730,2785
20503,SANTIAGO ZOOCHILA,374,175,199
20504,NUEVO ZOQUIAPAM,1652,788,864
20505,SANTO DOMINGO INGENIO,7554,3781,3773
20506,SANTO DOMINGO ALBARRADAS,782,361,421
20507,SANTO DOMINGO ARMENTA,3224,1601,1623
20508,SANTO DOMINGO CHIHUITAN,1521,754,767
20509,SANTO DOMINGO DE MORELOS,10547,5065,5482
20510,SANTO DOMINGO IXCATLAN,877,405,472
20511,SANTO DOMINGO NUXAA,3610,1742,1868
20512,SANTO DOMINGO OZOLOTEPEC,913,432,481
20513,SANTO DOMINGO PETAPA,8394,4192,4202
20514,SANTO DOMINGO ROAYAGA,997,472,525
20515,SANTO DOMINGO TEHUANTEPEC,61872,30124,31748
20516,SANTO DOMINGO TEOJOMULCO,4571,2198,2373
20517,SANTO DOMINGO TEPUXTEPEC,5194,2454,2740
20518,SANTO DOMINGO TLATAYAPAM,153,74,79
20519,SANTO DOMINGO TOMALTEPEC,2790,1367,1423
20520,SANTO DOMINGO TONALA,7153,3339,3814
20521,SANTO DOMINGO TONALTEPEC,276,111,165
20522,SANTO DOMINGO XAGACIA,1213,564,649
20523,SANTO DOMINGO YANHUITLAN,1609,760,849
20524,SANTO DOMINGO YODOHINO,369,173,196
20525,SANTO DOMINGO ZANATEPEC,11218,5541,5677
20526,SANTOS REYES NOPALA,15986,7759,8227
20527,SANTOS REYES PAPALO,2829,1375,1454
20528,SANTOS REYES TEPEJILLO,1213,520,693
20529,SANTOS REYES YUCUNA,1332,658,674
20530,SANTO TOMAS JALIEZA,3385,1605,1780
20531,SANTO TOMAS MAZALTEPEC,2333,1094,1239
20532,SANTO TOMAS OCOTEPEC,4076,1900,2176
20533,SANTO TOMAS TAMAZULAPAN,2191,1052,1139
20534,SAN VICENTE COATLAN,3964,1839,2125
20535,SAN VICENTE LACHIXIO,2976,1364,1612
20536,SAN VICENTE NUNU,493,225,268
20537,SILACAYOAPAM,6747,3159,3588
20538,SITIO DE XITLAPEHUA,705,339,366
20539,SOLEDAD ETLA,5025,2431,2594
20540,VILLA DE TAMAZULAPAM DEL PROGRESO,7059,3288,3771
20541,TANETZE DE ZARAGOZA,1707,825,882
20542,TANICHE,746,332,414
20543,TATALTEPEC DE VALDES,5561,2709,2852
20544,TEOCOCUILCO DE MARCOS PEREZ,1106,497,609
20545,TEOTITLAN DE FLORES MAGON,8966,4275,4691
20546,TEOTITLAN DEL VALLE,5638,2657,2981
20547,TEOTONGO,951,433,518
20548,TEPELMEME VILLA DE MORELOS,1734,796,938
20549,TEZOATLAN DE SEGURA Y LUNA,11319,5158,6161
20550,SAN JERONIMO TLACOCHAHUAYA,5076,2368,2708
20551,TLACOLULA DE MATAMOROS,19625,9151,10474
20552,TLACOTEPEC PLUMAS,510,240,270
20553,TLALIXTAC DE CABRERA,9417,4453,4964
20554,TOTONTEPEC VILLA DE MORELOS,5598,2685,2913
20555,TRINIDAD ZAACHILA,2653,1246,1407
20556,LA TRINIDAD VISTA HERMOSA,249,110,139
20557,UNION HIDALGO,13970,6749,7221
20558,VALERIO TRUJANO,1543,685,858
20559,SAN JUAN BAUTISTA VALLE NACIONAL,22446,10688,11758
20560,VILLA DIAZ ORDAZ,6174,2797,3377
20561,YAXE,2683,1269,1414
20562,MAGDALENA YODOCONO DE PORFIRIO DIAZ,1458,691,767
20563,YOGANA,1308,602,706
20564,YUTANDUCHI DE GUERRERO,1292,617,675
20565,VILLA DE ZAACHILA,34101,16240,17861
20566,SAN MATEO YUCUTINDO,3034,1473,1561
20567,ZAPOTITLAN LAGUNAS,3133,1436,1697
20568,ZAPOTITLAN PALMAS,1514,669,845
20569,SANTA INES DE ZARAGOZA,1707,804,903
20570,ZIMATLAN DE ALVAREZ,19215,8935,10280
21001,ACAJETE,60353,29225,31128
21002,ACATENO,8916,4484,4432
21003,ACATLAN,33865,15545,18320
21004,ACATZINGO,52078,25298,26780
21005,ACTEOPAN,2881,1340,1541
21006,AHUACATLAN,14754,7087,7667
21007,AHUATLAN,3403,1662,1741
21008,AHUAZOTEPEC,10457,5127,5330
21009,AHUEHUETITLA,2008,935,1073
21010,AJALPAN,60621,29304,31317
21011,ALBINO ZERTUCHE,1770,811,959
21012,ALJOJUCA,6288,2934,3354
21013,ALTEPEXI,18920,9109,9811
21014,AMIXTLAN,5004,2370,2634
21015,AMOZOC,100964,49098,51866
21016,AQUIXTLA,7848,3900,3948
21017,ATEMPAN,25386,12278,13108
21018,ATEXCAL,3734,1790,1944
21019,ATLIXCO,127062,59360,67702
21020,ATOYATEMPAN,6426,3099,3327
21021,ATZALA,1228,585,643
21022,ATZITZIHUACAN,11684,5329,6355
21023,ATZITZINTLA,8408,4118,4290
21024,AXUTLA,947,439,508
21025,AYOTOXCO DE GUERRERO,8153,3993,4160
21026,CALPAN,13730,6464,7266
21027,CALTEPEC,4177,1953,2224
21028,CAMOCUAUTLA,2476,1214,1262
21029,CAXHUACAN,3791,1810,1981
21030,COATEPEC,758,359,399
21031,COATZINGO,2964,1403,1561
21032,COHETZALA,1283,646,637
21033,COHUECAN,4763,2258,2505
21034,CORONANGO,34596,16758,17838
21035,COXCATLAN,19639,9368,10271
21036,COYOMEAPAN,14205,6801,7404
21037,COYOTEPEC,2339,1081,1258
21038,CUAPIAXTLA DE MADERO,8709,4286,4423
21039,CUAUTEMPAN,9212,4408,4804
21040,CUAUTINCHAN,9538,4697,4841
21041,CUAUTLANCINGO,79153,38477,40676
21042,CUAYUCA DE ANDRADE,3062,1457,1605
21043,CUETZALAN DEL PROGRESO,47433,23240,24193
21044,CUYOACO,15367,7412,7955
21045,CHALCHICOMULA DE SESMA,43882,21092,22790
21046,CHAPULCO,6992,3343,3649
21047,CHIAUTLA,19037,9191,9846
21048,CHIAUTZINGO,18762,8846,9916
21049,CHICONCUAUTLA,15767,7696,8071
21050,CHICHIQUILA,24148,11918,12230
21051,CHIETLA,33935,16288,17647
21052,CHIGMECATITLAN,1227,581,646
21053,CHIGNAHUAPAN,57909,28228,29681
21054,CHIGNAUTLA,30254,14669,15585
21055,CHILA,4699,2169,2530
21056,CHILA DE LA SAL,1237,571,666
21057,HONEY,7463,3552,3911
21058,CHILCHOTLA,19257,9682,9575
21059,CHINANTLA,2468,1151,1317
21060,DOMINGO ARENAS,6946,3296,3650
21061,ELOXOCHITLAN,12575,6181,6394
21062,EPATLAN,4594,2216,2378
21063,ESPERANZA,13785,6593,7192
21064,FRANCISCO Z. MENA,16270,8154,8116
21065,GENERAL FELIPE ANGELES,19040,9125,9915
21066,GUADALUPE,6276,2919,3357
21067,GUADALUPE VICTORIA,16551,8006,8545
21068,HERMENEGILDO GALEANA,7718,3849,3869
21069,HUAQUECHULA,25373,11681,13692
21070,HUATLATLAUCA,6643,3051,3592
21071,HUAUCHINANGO,97753,46336,51417
21072,HUEHUETLA,15689,7706,7983
21073,HUEHUETLAN EL CHICO,8679,4179,4500
21074,HUEJOTZINGO,63457,30723,32734
21075,HUEYAPAN,11868,5787,6081
21076,HUEYTAMALCO,26689,13208,13481
21077,HUEYTLALPAN,5734,2827,2907
21078,HUITZILAN DE SERDAN,13982,7049,6933
21079,HUITZILTEPEC,5306,2534,2772
21080,ATLEQUIZAYAN,2833,1328,1505
21081,IXCAMILPA DE GUERRERO,3695,1756,1939
21082,IXCAQUIXTLA,8093,3857,4236
21083,IXTACAMAXTITLAN,25326,12524,12802
21084,IXTEPEC,6811,3285,3526
21085,IZUCAR DE MATAMOROS,72799,34451,38348
21086,JALPAN,12547,6067,6480
21087,JOLALPAN,12662,6006,6656
21088,JONOTLA,4598,2237,2361
21089,JOPALA,12997,6327,6670
21090,JUAN C. BONILLA,18540,8881,9659
21091,JUAN GALINDO,10213,4800,5413
21092,JUAN N. MENDEZ,5223,2562,2661
21093,LAFRAGUA,7767,3806,3961
21094,LIBRES,31532,15224,16308
21095,LA MAGDALENA TLATLAUQUITEPEC,484,242,242
21096,MAZAPILTEPEC DE JUAREZ,2633,1303,1330
21097,MIXTLA,2216,1032,1184
21098,MOLCAXAC,6218,2902,3316
21099,CANADA MORELOS,18954,9132,9822
21100,NAUPAN,9707,4610,5097
21101,NAUZONTLA,3598,1695,1903
21102,NEALTICAN,12011,5746,6265
21103,NICOLAS BRAVO,6009,2915,3094
21104,NOPALUCAN,27292,13259,14033
21105,OCOTEPEC,4825,2329,2496
21106,OCOYUCAN,25720,12128,13592
21107,OLINTLA,11641,5681,5960
21108,ORIENTAL,16575,8009,8566
21109,PAHUATLAN,20618,9905,10713
21110,PALMAR DE BRAVO,42887,20914,21973
21111,PANTEPEC,18435,8947,9488
21112,PETLALCINGO,9382,4356,5026
21113,PIAXTLA,4585,2187,2398
21114,PUEBLA,1539819,734352,805467
21115,QUECHOLAC,47281,23041,24240
21116,QUIMIXTLAN,21275,10572,10703
21117,RAFAEL LARA GRAJALES,14052,6679,7373
21118,LOS REYES DE JUAREZ,25553,12390,13163
21119,SAN ANDRES CHOLULA,100439,48650,51789
21120,SAN ANTONIO CANADA,5110,2393,2717
21121,SAN DIEGO LA MESA TOCHIMILTZINGO,1132,549,583
21122,SAN FELIPE TEOTLALCINGO,9426,4564,4862
21123,SAN FELIPE TEPATLAN,4120,2022,2098
21124,SAN GABRIEL CHILAC,14454,6818,7636
21125,SAN GREGORIO ATZOMPA,8170,3864,4306
21126,SAN JERONIMO TECUANIPAN,5826,2762,3064
21127,SAN JERONIMO XAYACATLAN,3777,1757,2020
21128,SAN JOSE CHIAPA,8087,3966,4121
21129,SAN JOSE MIAHUATLAN,12699,5941,6758
21130,SAN JUAN ATENCO,3416,1582,1834
21131,SAN JUAN ATZOMPA,872,442,430
21132,SAN MARTIN TEXMELUCAN,141112,67505,73607
21133,SAN MARTIN TOTOLTEPEC,651,313,338
21134,SAN MATIAS TLALANCALECA,19310,9406,9904
21135,SAN MIGUEL IXITLAN,586,282,304
21136,SAN MIGUEL XOXTLA,11598,5624,5974
21137,SAN NICOLAS BUENOS AIRES,9185,4471,4714
21138,SAN NICOLAS DE LOS RANCHOS,10777,5190,5587
21139,SAN PABLO ANICANO,3554,1690,1864
21140,SAN PEDRO CHOLULA,120459,57578,62881
21141,SAN PEDRO YELOIXTLAHUACA,3395,1628,1767
21142,SAN SALVADOR EL SECO,27622,13391,14231
21143,SAN SALVADOR EL VERDE,28419,13816,14603
21144,SAN SALVADOR HUIXCOLOTLA,13541,6663,6878
21145,SAN SEBASTIAN TLACOTEPEC,13534,6668,6866
21146,SANTA CATARINA TLALTEMPAN,874,439,435
21147,SANTA INES AHUATEMPAN,5944,2861,3083
21148,SANTA ISABEL CHOLULA,8040,3853,4187
21149,SANTIAGO MIAHUATLAN,21993,10595,11398
21150,HUEHUETLAN EL GRANDE,7060,3418,3642
21151,SANTO TOMAS HUEYOTLIPAN,8016,3822,4194
21152,SOLTEPEC,11706,5702,6004
21153,TECALI DE HERRERA,20267,9770,10497
21154,TECAMACHALCO,71571,34365,37206
21155,TECOMATLAN,5420,2578,2842
21156,TEHUACAN,274906,129484,145422
21157,TEHUITZINGO,11328,5360,5968
21158,TENAMPULCO,6772,3327,3445
21159,TEOPANTLAN,4024,1807,2217
21160,TEOTLALCO,3121,1514,1607
21161,TEPANCO DE LOPEZ,19002,8916,10086
21162,TEPANGO DE RODRIGUEZ,4244,2003,2241
21163,TEPATLAXCO DE HIDALGO,16275,7831,8444
21164,TEPEACA,74708,35672,39036
21165,TEPEMAXALCO,1141,547,594
21166,TEPEOJUMA,8056,3655,4401
21167,TEPETZINTLA,10240,4944,5296
21168,TEPEXCO,6580,3160,3420
21169,TEPEXI DE RODRIGUEZ,20478,10400,10078
21170,TEPEYAHUALCO,16390,8087,8303
21171,TEPEYAHUALCO DE CUAUHTEMOC,3365,1601,1764
21172,TETELA DE OCAMPO,25793,12341,13452
21173,TETELES DE AVILA CASTILLO,5689,2633,3056
21174,TEZIUTLAN,92246,43462,48784
21175,TIANGUISMANALCO,9807,4626,5181
21176,TILAPA,8401,4016,4385
21177,TLACOTEPEC DE BENITO JUAREZ,48268,22926,25342
21178,TLACUILOTEPEC,17115,8406,8709
21179,TLACHICHUCA,28568,13950,14618
21180,TLAHUAPAN,36518,17975,18543
21181,TLALTENANGO,6269,3103,3166
21182,TLANEPANTLA,4833,2325,2508
21183,TLAOLA,19826,9672,10154
21184,TLAPACOYA,6406,3128,3278
21185,TLAPANALA,8404,3930,4474
21186,TLATLAUQUITEPEC,51495,24722,26773
21187,TLAXCO,5415,2663,2752
21188,TOCHIMILCO,17028,7916,9112
21189,TOCHTEPEC,19701,9439,10262
21190,TOTOLTEPEC DE GUERRERO,1155,526,629
21191,TULCINGO,9245,4275,4970
21192,TUZAMAPAN DE GALEANA,5983,2892,3091
21193,TZICATLACOYAN,6242,3062,3180
21194,VENUSTIANO CARRANZA,27890,13474,14416
21195,VICENTE GUERRERO,24217,11592,12625
21196,XAYACATLAN DE BRAVO,1649,752,897
21197,XICOTEPEC,75601,36390,39211
21198,XICOTLAN,1241,583,658
21199,XIUTETELCO,37910,18326,19584
21200,XOCHIAPULCO,3911,1906,2005
21201,XOCHILTEPEC,3187,1437,1750
21202,XOCHITLAN DE VICENTE SUAREZ,12249,5977,6272
21203,XOCHITLAN TODOS SANTOS,6049,2872,3177
21204,YAONAHUAC,7514,3613,3901
21205,YEHUALTEPEC,22976,11113,11863
21206,ZACAPALA,4224,1962,2262
21207,ZACAPOAXTLA,53295,25534,27761
21208,ZACATLAN,76296,36133,40163
21209,ZAPOTITLAN,8220,3712,4508
21210,ZAPOTITLAN DE MENDEZ,5608,2779,2829
21211,ZARAGOZA,15444,7152,8292
21212,ZAUTLA,19438,9186,10252
21213,ZIHUATEUTLA,12530,6112,6418
21214,ZINACATEPEC,15690,7374,8316
21215,ZONGOZOTLA,4599,2258,2341
21216,ZOQUIAPAN,2639,1251,1388
21217,ZOQUITLAN,20529,9987,10542
22001,AMEALCO DE BONFIL,62197,29842,32355
22002,PINAL DE AMOLES,27093,12859,14234
22003,ARROYO SECO,12910,6122,6788
22004,CADEREYTA DE MONTES,64183,30585,33598
22005,COLON,58171,28975,29196
22006,CORREGIDORA,143073,69373,73700
22007,EZEQUIEL MONTES,38123,18213,19910
22008,HUIMILPAN,35554,16930,18624
22009,JALPAN DE SERRA,25550,12192,13358
22010,LANDA DE MATAMOROS,19929,9501,10428
22011,EL MARQUES,116458,57547,58911
22012,PEDRO ESCOBEDO,63966,31387,32579
22013,PENAMILLER,18441,9013,9428
22014,QUERETARO,801940,389403,412537
22015,SAN JOAQUIN,8865,4109,4756
22016,SAN JUAN DEL RIO,241699,117628,124071
22017,TEQUISQUIAPAN,63413,30752,32661
22018,TOLIMAN,26372,12757,13615
23001,COZUMEL,79535,40357,39178
23002,FELIPE CARRILLO PUERTO,75026,37994,37032
23003,ISLA MUJERES,16203,8358,7845
23004,OTHON P. BLANCO,244553,121906,122647
23005,BENITO JUAREZ,661176,334945,326231
23006,JOSE MARIA MORELOS,36179,18506,17673
23007,LAZARO CARDENAS,25333,12972,12361
23008,SOLIDARIDAD,159310,83468,75842
23009,TULUM,28263,14714,13549
24001,AHUALULCO,18644,8775,9869
24002,ALAQUINES,8186,4068,4118
24003,AQUISMON,47423,23894,23529
24004,ARMADILLO DE LOS INFANTE,4436,2182,2254
24005,CARDENAS,18937,9103,9834
24006,CATORCE,9716,4932,4784
24007,CEDRAL,18485,9048,9437
24008,CERRITOS,21394,10373,11021
24009,CERRO DE SAN PEDRO,4021,2031,1990
24010,CIUDAD DEL MAIZ,31323,15523,15800
24011,CIUDAD FERNANDEZ,43528,21258,22270
24012,TANCANHUITZ,21039,10406,10633
24013,CIUDAD VALLES,167713,81226,86487
24014,COXCATLAN,17015,8544,8471
24015,CHARCAS,21138,10328,10810
24016,EBANO,41529,20347,21182
24017,GUADALCAZAR,25985,13158,12827
24018,HUEHUETLAN,15311,7554,7757
24019,LAGUNILLAS,5774,2839,2935
24020,MATEHUALA,91522,44343,47179
24021,MEXQUITIC DE CARMONA,53442,25449,27993
24022,MOCTEZUMA,19327,9298,10029
24023,RAYON,15707,7739,7968
24024,RIOVERDE,91924,44574,47350
24025,SALINAS,30190,14548,15642
24026,SAN ANTONIO,9390,4800,4590
24027,SAN CIRO DE ACOSTA,10171,4875,5296
24028,SAN LUIS POTOSI,772604,372083,400521
24029,SAN MARTIN CHALCHICUAUTLA,21347,10686,10661
24030,SAN NICOLAS TOLENTINO,5466,2587,2879
24031,SANTA CATARINA,11835,5805,6030
24032,SANTA MARIA DEL RIO,40326,19242,21084
24033,SANTO DOMINGO,12043,6022,6021
24034,SAN VICENTE TANCUAYALAB,14958,7451,7507
24035,SOLEDAD DE GRACIANO SANCHEZ,267839,129814,138025
24036,TAMASOPO,28848,14563,14285
24037,TAMAZUNCHALE,96820,47951,48869
24038,TAMPACAN,15838,7975,7863
24039,TAMPAMOLON CORONA,14274,7081,7193
24040,TAMUIN,37956,18672,19284
24041,TANLAJAS,19312,9725,9587
24042,TANQUIAN DE ESCOBEDO,14382,7077,7305
24043,TIERRA NUEVA,9024,4268,4756
24044,VANEGAS,7902,3974,3928
24045,VENADO,14492,7149,7343
24046,VILLA DE ARRIAGA,16316,8117,8199
24047,VILLA DE GUADALUPE,9779,4920,4859
24048,VILLA DE LA PAZ,5350,2694,2656
24049,VILLA DE RAMOS,37928,18590,19338
24050,VILLA DE REYES,46898,23204,23694
24051,VILLA HIDALGO,14876,7361,7515
24052,VILLA JUAREZ,10174,4988,5186
24053,AXTLA DE TERRAZAS,33245,16471,16774
24054,XILITLA,51498,25484,26014
24055,ZARAGOZA,24596,12105,12491
24056,VILLA DE ARISTA,15528,7713,7815
24057,MATLAPA,30299,15053,15246
24058,EL NARANJO,20495,10326,10169
25001,AHOME,416299,205435,210864
25002,ANGOSTURA,44993,22605,22388
25003,BADIRAGUATO,29999,15524,14475
25004,CONCORDIA,28493,14532,13961
25005,COSALA,16697,8542,8155
25006,CULIACAN,858638,422507,436131
25007,CHOIX,32998,17116,15882
25008,ELOTA,42907,22032,20875
25009,ESCUINAPA,54131,27301,26830
25010,EL FUERTE,97536,49693,47843
25011,GUASAVE,285912,142031,143881
25012,MAZATLAN,438434,216266,222168
25013,MOCORITO,45847,23647,22200
25014,ROSARIO,49380,25152,24228
25015,SALVADOR ALVARADO,79085,38864,40221
25016,SAN IGNACIO,22527,11699,10828
25017,SINALOA,88282,44862,43420
26001,ACONCHI,2637,1405,1232
26002,AGUA PRIETA,79138,40117,39021
26003,ALAMOS,25848,13497,12351
26004,ALTAR,9049,4624,4425
26005,ARIVECHI,1253,650,603
26006,ARIZPE,3037,1571,1466
26007,ATIL,625,326,299
26008,BACADEHUACHI,1252,667,585
26009,BACANORA,784,417,367
26010,BACERAC,1467,761,706
26011,BACOACHI,1646,834,812
26012,BACUM,22821,11581,11240
26013,BANAMICHI,1646,841,805
26014,BAVIACORA,3560,1833,1727
26015,BAVISPE,1454,774,680
26016,BENJAMIN HILL,5275,2651,2624
26017,CABORCA,81309,41370,39939
26018,CAJEME,409310,202700,206610
26019,CANANEA,32936,16415,16521
26020,CARBO,5347,2854,2493
26021,LA COLORADA,1663,922,741
26022,CUCURPE,958,532,426
26023,CUMPAS,6362,3248,3114
26024,DIVISADEROS,813,421,392
26025,EMPALME,54131,26996,27135
26026,ETCHOJOA,60717,31131,29586
26027,FRONTERAS,8639,4467,4172
26028,GRANADOS,1150,595,555
26029,GUAYMAS,149299,74740,74559
26030,HERMOSILLO,784342,392697,391645
26031,HUACHINERA,1350,701,649
26032,HUASABAS,962,513,449
26033,HUATABAMPO,79313,40128,39185
26034,HUEPAC,1154,593,561
26035,IMURIS,12316,6248,6068
26036,MAGDALENA,29707,14848,14859
26037,MAZATAN,1350,708,642
26038,MOCTEZUMA,4680,2351,2329
26039,NACO,6401,3238,3163
26040,NACORI CHICO,2051,1080,971
26041,NACOZARI DE GARCIA,12751,6575,6176
26042,NAVOJOA,157729,78242,79487
26043,NOGALES,220292,111295,108997
26044,ONAVAS,399,214,185
26045,OPODEPE,2878,1538,1340
26046,OQUITOA,443,218,225
26047,PITIQUITO,9468,4936,4532
26048,PUERTO PENASCO,57342,29460,27882
26049,QUIRIEGO,3356,1797,1559
26050,RAYON,1599,852,747
26051,ROSARIO,5226,2737,2489
26052,SAHUARIPA,6020,3109,2911
26053,SAN FELIPE DE JESUS,396,202,194
26054,SAN JAVIER,492,277,215
26055,SAN LUIS RIO COLORADO,178380,90545,87835
26056,SAN MIGUEL DE HORCASITAS,8382,4592,3790
26057,SAN PEDRO DE LA CUEVA,1604,856,748
26058,SANTA ANA,16014,7961,8053
26059,SANTA CRUZ,1998,1015,983
26060,SARIC,2703,1423,1280
26061,SOYOPA,1284,716,568
26062,SUAQUI GRANDE,1121,604,517
26063,TEPACHE,1365,716,649
26064,TRINCHERAS,1731,938,793
26065,TUBUTAMA,1735,904,831
26066,URES,9185,4711,4474
26067,VILLA HIDALGO,1738,893,845
26068,VILLA PESQUEIRA,1254,688,566
26069,YECORA,6046,3064,2982
26070,GENERAL PLUTARCO ELIAS CALLES,15652,8104,7548
26071,BENITO JUAREZ,22009,11088,10921
26072,SAN IGNACIO RIO MUERTO,14136,7297,6839
27001,BALANCAN,56739,28318,28421
27002,CARDENAS,248481,122234,126247
27003,CENTLA,102110,50925,51185
27004,CENTRO,640359,311619,328740
27005,COMALCALCO,192802,95084,97718
27006,CUNDUACAN,126416,62368,64048
27007,EMILIANO ZAPATA,29518,14174,15344
27008,HUIMANGUILLO,179285,88749,90536
27009,JALAPA,36391,18283,18108
27010,JALPA DE MENDEZ,83356,41362,41994
27011,JONUTA,29511,14812,14699
27012,MACUSPANA,153132,75220,77912
27013,NACAJUCA,115066,56593,58473
27014,PARAISO,86620,42887,43733
27015,TACOTALPA,46302,23006,23296
27016,TEAPA,53555,26314,27241
27017,TENOSIQUE,58960,28810,30150
28001,ABASOLO,12070,6041,6029
28002,ALDAMA,29470,14857,14613
28003,ALTAMIRA,212001,105619,106382
28004,ANTIGUO MORELOS,9003,4494,4509
28005,BURGOS,4589,2377,2212
28006,BUSTAMANTE,7636,3953,3683
28007,CAMARGO,14933,7567,7366
28008,CASAS,4423,2326,2097
28009,CIUDAD MADERO,197216,94384,102832
28010,CRUILLAS,2011,1023,988
28011,GOMEZ FARIAS,8786,4507,4279
28012,GONZALEZ,43435,21554,21881
28013,GÜEMEZ,15659,8091,7568
28014,GUERRERO,4477,2316,2161
28015,GUSTAVO DIAZ ORDAZ,15775,7979,7796
28016,HIDALGO,23793,12203,11590
28017,JAUMAVE,15105,7605,7500
28018,JIMENEZ,8338,4183,4155
28019,LLERA,17333,8783,8550
28020,MAINERO,2579,1313,1266
28021,EL MANTE,115792,56501,59291
28022,MATAMOROS,489193,242234,246959
28023,MENDEZ,4530,2359,2171
28024,MIER,4762,2350,2412
28025,MIGUEL ALEMAN,27015,13467,13548
28026,MIQUIHUANA,3514,1850,1664
28027,NUEVO LAREDO,384033,191001,193032
28028,NUEVO MORELOS,3381,1753,1628
28029,OCAMPO,12962,6603,6359
28030,PADILLA,14020,7100,6920
28031,PALMILLAS,1795,901,894
28032,REYNOSA,608891,303853,305038
28033,RIO BRAVO,118259,59174,59085
28034,SAN CARLOS,9331,4897,4434
28035,SAN FERNANDO,57220,28800,28420
28036,SAN NICOLAS,1031,535,496
28037,SOTO LA MARINA,24764,12664,12100
28038,TAMPICO,297554,142334,155220
28039,TULA,27572,13717,13855
28040,VALLE HERMOSO,63170,31061,32109
28041,VICTORIA,321953,157152,164801
28042,VILLAGRAN,6316,3276,3040
28043,XICOTENCATL,22864,11444,11420
29001,AMAXAC DE GUERRERO,9875,4819,5056
29002,APETATITLAN DE ANTONIO CARVAJAL,13361,6424,6937
29003,ATLANGATEPEC,6018,2914,3104
29004,ATLTZAYANCA,15935,7904,8031
29005,APIZACO,76492,36269,40223
29006,CALPULALPAN,44807,21730,23077
29007,EL CARMEN TEQUEXQUITLA,15368,7527,7841
29008,CUAPIAXTLA,13671,6801,6870
29009,CUAXOMULCO,5066,2504,2562
29010,CHIAUTEMPAN,66149,31651,34498
29011,MUNOZ DE DOMINGO ARENAS,4285,2156,2129
29012,ESPANITA,8399,4151,4248
29013,HUAMANTLA,84979,41296,43683
29014,HUEYOTLIPAN,13879,6839,7040
29015,IXTACUIXTLA DE MARIANO MATAMOROS,35162,16917,18245
29016,IXTENCO,6791,3245,3546
29017,MAZATECOCHCO DE JOSE MARIA MORELOS,9740,4764,4976
29018,CONTLA DE JUAN CUAMATZI,35084,17162,17922
29019,TEPETITLA DE LARDIZABAL,18725,8990,9735
29020,SANCTORUM DE LAZARO CARDENAS,8474,4167,4307
29021,NANACAMILPA DE MARIANO ARISTA,16640,8127,8513
29022,ACUAMANALA DE MIGUEL HIDALGO,5711,2846,2865
29023,NATIVITAS,23621,11330,12291
29024,PANOTLA,25128,12073,13055
29025,SAN PABLO DEL MONTE,69615,34281,35334
29026,SANTA CRUZ TLAXCALA,17968,8832,9136
29027,TENANCINGO,11763,5732,6031
29028,TEOLOCHOLCO,21671,10426,11245
29029,TEPEYANCO,11048,5233,5815
29030,TERRENATE,13775,6838,6937
29031,TETLA DE LA SOLIDARIDAD,28760,14026,14734
29032,TETLATLAHUCA,12410,5980,6430
29033,TLAXCALA,89795,42529,47266
29034,TLAXCO,39939,19507,20432
29035,TOCATLAN,5589,2756,2833
29036,TOTOLAC,20625,9854,10771
29037,ZILTLALTEPEC DE TRINIDAD SANCHEZ SANTOS,8224,3935,4289
29038,TZOMPANTEPEC,14611,7083,7528
29039,XALOZTOC,21769,10847,10922
29040,XALTOCAN,9777,4701,5076
29041,PAPALOTLA DE XICOHTENCATL,26997,12969,14028
29042,XICOHTZINCO,12255,5856,6399
29043,YAUHQUEMEHCAN,33081,15941,17140
29044,ZACATELCO,38654,18499,20155
29045,BENITO JUAREZ,5687,2757,2930
29046,EMILIANO ZAPATA,4146,1999,2147
29047,LAZARO CARDENAS,2769,1349,1420
29048,LA MAGDALENA TLALTELULCO,16834,8089,8745
29049,SAN DAMIAN TEXOLOC,5064,2508,2556
29050,SAN FRANCISCO TETLANOHCAN,9880,4780,5100
29051,SAN JERONIMO ZACUALPAN,3581,1681,1900
29052,SAN JOSE TEACALCO,5660,2744,2916
29053,SAN JUAN HUACTZINCO,6821,3221,3600
29054,SAN LORENZO AXOCOMANITLA,5045,2405,2640
29055,SAN LUCAS TECOPILCO,2833,1342,1491
29056,SANTA ANA NOPALUCAN,6857,3348,3509
29057,SANTA APOLONIA TEACALCO,4349,2034,2315
29058,SANTA CATARINA AYOMETLA,7992,3840,4152
29059,SANTA CRUZ QUILEHTLA,6296,3109,3187
29060,SANTA ISABEL XILOXOXTLA,4436,2138,2298
30001,ACAJETE,8223,4203,4020
30002,ACATLAN,3085,1501,1584
30003,ACAYUCAN,83817,40242,43575
30004,ACTOPAN,40994,20142,20852
30005,ACULA,5129,2556,2573
30006,ACULTZINGO,20973,10254,10719
30007,CAMARON DE TEJEDA,6224,3103,3121
30008,ALPATLAHUAC,9691,4809,4882
30009,ALTO LUCERO DE GUTIERREZ BARRIOS,28017,14066,13951
30010,ALTOTONGA,60396,29014,31382
30011,ALVARADO,51955,25615,26340
30012,AMATITLAN,7487,3650,3837
30013,NARANJOS AMATLAN,27548,13076,14472
30014,AMATLAN DE LOS REYES,42268,20591,21677
30015,ANGEL R. CABADA,33528,16270,17258
30016,LA ANTIGUA,25500,12286,13214
30017,APAZAPAN,4027,1996,2031
30018,AQUILA,1797,866,931
30019,ASTACINGA,5995,2781,3214
30020,ATLAHUILCO,9824,4711,5113
30021,ATOYAC,22986,11078,11908
30022,ATZACAN,20063,9865,10198
30023,ATZALAN,48397,24140,24257
30024,TLALTETELA,14613,7315,7298
30025,AYAHUALULCO,25456,12693,12763
30026,BANDERILLA,21546,10158,11388
30027,BENITO JUAREZ,16692,8142,8550
30028,BOCA DEL RIO,138058,64656,73402
30029,CALCAHUALCO,12929,6433,6496
30030,CAMERINO Z. MENDOZA,41778,19778,22000
30031,CARRILLO PUERTO,16313,7940,8373
30032,CATEMACO,48593,23457,25136
30033,CAZONES DE HERRERA,23483,11378,12105
30034,CERRO AZUL,25801,12260,13541
30035,CITLALTEPETL,11081,5418,5663
30036,COACOATZINTLA,9416,4578,4838
30037,COAHUITLAN,7810,3861,3949
30038,COATEPEC,86696,41788,44908
30039,COATZACOALCOS,305260,147962,157298
30040,COATZINTLA,48351,23449,24902
30041,COETZALA,2144,1053,1091
30042,COLIPA,5728,2804,2924
30043,COMAPA,18713,9527,9186
30044,CORDOBA,196541,91805,104736
30045,COSAMALOAPAN DE CARPIO,57366,27634,29732
30046,COSAUTLAN DE CARVAJAL,15668,7756,7912
30047,COSCOMATEPEC,52510,25561,26949
30048,COSOLEACAQUE,117725,56945,60780
30049,COTAXTLA,19710,9770,9940
30050,COXQUIHUI,15492,7571,7921
30051,COYUTLA,21822,10516,11306
30052,CUICHAPA,11645,5527,6118
30053,CUITLAHUAC,26265,12469,13796
30054,CHACALTIANGUIS,11683,5686,5997
30055,CHALMA,12626,6221,6405
30056,CHICONAMEL,6752,3276,3476
30057,CHICONQUIACO,13190,6529,6661
30058,CHICONTEPEC,54982,26729,28253
30059,CHINAMECA,15214,7404,7810
30060,CHINAMPA DE GOROSTIZA,15286,7477,7809
30061,LAS CHOAPAS,77426,38042,39384
30062,CHOCAMAN,18601,9173,9428
30063,CHONTLA,14688,7349,7339
30064,CHUMATLAN,3889,1899,1990
30065,EMILIANO ZAPATA,61718,30300,31418
30066,ESPINAL,25548,12407,13141
30067,FILOMENO MATA,16418,8180,8238
30068,FORTIN,59761,28261,31500
30069,GUTIERREZ ZAMORA,24353,11436,12917
30070,HIDALGOTITLAN,18277,9220,9057
30071,HUATUSCO,54561,26216,28345
30072,HUAYACOCOTLA,20765,10014,10751
30073,HUEYAPAN DE OCAMPO,41649,20276,21373
30074,HUILOAPAN DE CUAUHTEMOC,6750,3253,3497
30075,IGNACIO DE LA LLAVE,17121,8293,8828
30076,ILAMATLAN,13575,6423,7152
30077,ISLA,42205,20520,21685
30078,IXCATEPEC,12713,6340,6373
30079,IXHUACAN DE LOS REYES,10724,5400,5324
30080,IXHUATLAN DEL CAFE,21407,10541,10866
30081,IXHUATLANCILLO,21150,10121,11029
30082,IXHUATLAN DEL SURESTE,14903,7361,7542
30083,IXHUATLAN DE MADERO,49820,24351,25469
30084,IXMATLAHUACAN,5727,2856,2871
30085,IXTACZOQUITLAN,65385,31521,33864
30086,JALACINGO,40747,19969,20778
30087,XALAPA,457928,213571,244357
30088,JALCOMULCO,4940,2480,2460
30089,JALTIPAN,39673,18929,20744
30090,JAMAPA,10376,5085,5291
30091,JESUS CARRANZA,27080,13394,13686
30092,XICO,35188,17276,17912
30093,JILOTEPEC,15313,7401,7912
30094,JUAN RODRIGUEZ CLARA,37193,18326,18867
30095,JUCHIQUE DE FERRER,16387,8067,8320
30096,LANDERO Y COSS,1546,746,800
30097,LERDO DE TEJADA,20141,9468,10673
30098,MAGDALENA,2920,1443,1477
30099,MALTRATA,16898,8098,8800
30100,MANLIO FABIO ALTAMIRANO,22585,11171,11414
30101,MARIANO ESCOBEDO,33941,16253,17688
30102,MARTINEZ DE LA TORRE,101358,48561,52797
30103,MECATLAN,11808,5787,6021
30104,MECAYAPAN,17333,8501,8832
30105,MEDELLIN,59126,28431,30695
30106,MIAHUATLAN,4429,2154,2275
30107,LAS MINAS,2897,1468,1429
30108,MINATITLAN,157840,76222,81618
30109,MISANTLA,62919,30771,32148
30110,MIXTLA DE ALTAMIRANO,10387,5221,5166
30111,MOLOACAN,16120,7851,8269
30112,NAOLINCO,20255,9861,10394
30113,NARANJAL,4507,2163,2344
30114,NAUTLA,9974,4873,5101
30115,NOGALES,34688,16604,18084
30116,OLUTA,14784,7097,7687
30117,OMEALCA,22561,10850,11711
30118,ORIZABA,120995,55845,65150
30119,OTATITLAN,5250,2511,2739
30120,OTEAPAN,14965,7289,7676
30121,OZULUAMA DE MASCARENAS,23276,11937,11339
30122,PAJAPAN,15909,7923,7986
30123,PANUCO,97290,48357,48933
30124,PAPANTLA,158599,77291,81308
30125,PASO DEL MACHO,29165,14390,14775
30126,PASO DE OVEJAS,32576,16252,16324
30127,LA PERLA,23648,11498,12150
30128,PEROTE,68982,34642,34340
30129,PLATON SANCHEZ,17888,8780,9108
30130,PLAYA VICENTE,40984,19660,21324
30131,POZA RICA DE HIDALGO,193311,91390,101921
30132,LAS VIGAS DE RAMIREZ,17958,8889,9069
30133,PUEBLO VIEJO,55358,27668,27690
30134,PUENTE NACIONAL,21603,10628,10975
30135,RAFAEL DELGADO,20245,9978,10267
30136,RAFAEL LUCIO,7023,3405,3618
30137,LOS REYES,5484,2696,2788
30138,RIO BLANCO,40634,19042,21592
30139,SALTABARRANCA,5908,2864,3044
30140,SAN ANDRES TENEJAPAN,2715,1311,1404
30141,SAN ANDRES TUXTLA,157364,75604,81760
30142,SAN JUAN EVANGELISTA,33435,16442,16993
30143,SANTIAGO TUXTLA,56427,27099,29328
30144,SAYULA DE ALEMAN,31974,15604,16370
30145,SOCONUSCO,14395,6994,7401
30146,SOCHIAPA,3502,1749,1753
30147,SOLEDAD ATZOMPA,21380,10496,10884
30148,SOLEDAD DE DOBLADO,27008,13339,13669
30149,SOTEAPAN,32596,15964,16632
30150,TAMALIN,11211,5599,5612
30151,TAMIAHUA,23588,11841,11747
30152,TAMPICO ALTO,12242,6329,5913
30153,TANCOCO,5873,2867,3006
30154,TANTIMA,12814,6483,6331
30155,TANTOYUCA,101743,50432,51311
30156,TATATILA,5584,2903,2681
30157,CASTILLO DE TEAYO,18663,9334,9329
30158,TECOLUTLA,25126,12351,12775
30159,TEHUIPANGO,23479,11298,12181
30160,ALAMO TEMAPACHE,104499,51618,52881
30161,TEMPOAL,34956,17311,17645
30162,TENAMPA,6247,3053,3194
30163,TENOCHTITLAN,5222,2486,2736
30164,TEOCELO,16327,7982,8345
30165,TEPATLAXCO,8249,4207,4042
30166,TEPETLAN,9004,4545,4459
30167,TEPETZINTLA,13949,6918,7031
30168,TEQUILA,14648,7202,7446
30169,JOSE AZUETA,23999,11727,12272
30170,TEXCATEPEC,10627,5149,5478
30171,TEXHUACAN,5292,2492,2800
30172,TEXISTEPEC,20199,10063,10136
30173,TEZONAPA,52584,25931,26653
30174,TIERRA BLANCA,94087,45203,48884
30175,TIHUATLAN,89774,43978,45796
30176,TLACOJALPAN,4632,2285,2347
30177,TLACOLULAN,10299,5189,5110
30178,TLACOTALPAN,13284,6415,6869
30179,TLACOTEPEC DE MEJIA,3965,1944,2021
30180,TLACHICHILCO,11276,5563,5713
30181,TLALIXCOYAN,37037,18181,18856
30182,TLALNELHUAYOCAN,16311,7940,8371
30183,TLAPACOYAN,58084,28079,30005
30184,TLAQUILPA,7151,3333,3818
30185,TLILAPAN,4879,2358,2521
30186,TOMATLAN,6763,3330,3433
30187,TONAYAN,5696,2752,2944
30188,TOTUTLA,16403,8176,8227
30189,TUXPAN,143362,69764,73598
30190,TUXTILLA,2177,1078,1099
30191,URSULO GALVAN,29005,14077,14928
30192,VEGA DE ALATORRE,19541,9477,10064
30193,VERACRUZ,552156,261537,290619
30194,VILLA ALDAMA,10851,5333,5518
30195,XOXOCOTLA,5163,2611,2552
30196,YANGA,17462,8204,9258
30197,YECUATLA,11357,5580,5777
30198,ZACUALPAN,6784,3262,3522
30199,ZARAGOZA,10720,5190,5530
30200,ZENTLA,12379,6205,6174
30201,ZONGOLICA,41923,20699,21224
30202,ZONTECOMATLAN DE LOPEZ Y FUENTES,13866,6868,6998
30203,ZOZOCOLCO DE HIDALGO,13434,6599,6835
30204,AGUA DULCE,46010,22329,23681
30205,EL HIGO,19128,9512,9616
30206,NANCHITAL DE LAZARO CARDENAS DEL RIO,27094,12978,14116
30207,TRES VALLES,45095,21938,23157
30208,CARLOS A. CARRILLO,22907,10921,11986
30209,TATAHUICAPAN DE JUAREZ,14297,7061,7236
30210,UXPANAPA,27346,13681,13665
30211,SAN RAFAEL,29277,14219,15058
30212,SANTIAGO SOCHIAPAN,12409,5986,6423
31001,ABALA,6356,3254,3102
31002,ACANCEH,15337,7599,7738
31003,AKIL,10362,5104,5258
31004,BACA,5701,2819,2882
31005,BOKOBA,2053,1053,1000
31006,BUCTZOTZ,8637,4336,4301
31007,CACALCHEN,6811,3483,3328
31008,CALOTMUL,4095,2080,2015
31009,CANSAHCAB,4696,2327,2369
31010,CANTAMAYEC,2407,1255,1152
31011,CELESTUN,6831,3493,3338
31012,CENOTILLO,3701,1765,1936
31013,CONKAL,9143,4584,4559
31014,CUNCUNUL,1595,815,780
31015,CUZAMA,4966,2493,2473
31016,CHACSINKIN,2818,1417,1401
31017,CHANKOM,4464,2276,2188
31018,CHAPAB,3035,1509,1526
31019,CHEMAX,33490,16797,16693
31020,CHICXULUB PUEBLO,4113,2123,1990
31021,CHICHIMILA,7952,3982,3970
31022,CHIKINDZONOT,4162,2103,2059
31023,CHOCHOLA,4530,2318,2212
31024,CHUMAYEL,3148,1552,1596
31025,DZAN,4941,2399,2542
31026,DZEMUL,3489,1777,1712
31027,DZIDZANTUN,8133,4115,4018
31028,DZILAM DE BRAVO,2463,1262,1201
31029,DZILAM GONZALEZ,5905,3027,2878
31030,DZITAS,3540,1813,1727
31031,DZONCAUICH,2772,1401,1371
31032,ESPITA,15571,7928,7643
31033,HALACHO,19072,9609,9463
31034,HOCABA,6061,3033,3028
31035,HOCTUN,5697,2816,2881
31036,HOMUN,7257,3688,3569
31037,HUHI,4841,2471,2370
31038,HUNUCMA,30731,15330,15401
31039,IXIL,3803,1946,1857
31040,IZAMAL,25980,12887,13093
31041,KANASIN,78709,39102,39607
31042,KANTUNIL,5502,2764,2738
31043,KAUA,2761,1419,1342
31044,KINCHIL,6571,3301,3270
31045,KOPOMA,2449,1255,1194
31046,MAMA,2888,1366,1522
31047,MANI,5250,2560,2690
31048,MAXCANU,21704,10860,10844
31049,MAYAPAN,3269,1676,1593
31050,MERIDA,830732,401340,429392
31051,MOCOCHA,3071,1548,1523
31052,MOTUL,33978,16817,17161
31053,MUNA,12336,6061,6275
31054,MUXUPIP,2755,1341,1414
31055,OPICHEN,6285,3201,3084
31056,OXKUTZCAB,29325,13947,15378
31057,PANABA,7461,3718,3743
31058,PETO,24159,12025,12134
31059,PROGRESO,53958,26925,27033
31060,QUINTANA ROO,942,470,472
31061,RIO LAGARTOS,3438,1749,1689
31062,SACALUM,4589,2368,2221
31063,SAMAHIL,5008,2532,2476
31064,SANAHCAT,1619,813,806
31065,SAN FELIPE,1839,956,883
31066,SANTA ELENA,3833,1855,1978
31067,SEYE,9276,4733,4543
31068,SINANCHE,3126,1622,1504
31069,SOTUTA,8449,4336,4113
31070,SUCILA,3930,1994,1936
31071,SUDZAL,1689,890,799
31072,SUMA,1876,946,930
31073,TAHDZIU,4447,2281,2166
31074,TAHMEK,3609,1841,1768
31075,TEABO,6205,3071,3134
31076,TECOH,16200,8160,8040
31077,TEKAL DE VENEGAS,2606,1313,1293
31078,TEKANTO,3683,1830,1853
31079,TEKAX,40547,19975,20572
31080,TEKIT,9884,4965,4919
31081,TEKOM,3100,1553,1547
31082,TELCHAC PUEBLO,3557,1803,1754
31083,TELCHAC PUERTO,1726,906,820
31084,TEMAX,6817,3425,3392
31085,TEMOZON,14801,7494,7307
31086,TEPAKAN,2226,1141,1085
31087,TETIZ,4725,2313,2412
31088,TEYA,1977,972,1005
31089,TICUL,37685,18593,19092
31090,TIMUCUY,6833,3496,3337
31091,TINUM,11421,5788,5633
31092,TIXCACALCUPUL,6665,3362,3303
31093,TIXKOKOB,17176,8500,8676
31094,TIXMEHUAC,4746,2411,2335
31095,TIXPEHUAL,5388,2660,2728
31096,TIZIMIN,73138,36468,36670
31097,TUNKAS,3464,1774,1690
31098,TZUCACAB,14011,7102,6909
31099,UAYMA,3782,1944,1838
31100,UCU,3469,1744,1725
31101,UMAN,50993,25443,25550
31102,VALLADOLID,74217,36624,37593
31103,XOCCHEL,3236,1660,1576
31104,YAXCABA,14802,7646,7156
31105,YAXKUKUL,2868,1443,1425
31106,YOBAIN,2137,1103,1034
32001,APOZOL,6314,3067,3247
32002,APULCO,5005,2347,2658
32003,ATOLINGA,2692,1287,1405
32004,BENITO JUAREZ,4372,2221,2151
32005,CALERA,39917,19726,20191
32006,CANITAS DE FELIPE PESCADOR,8239,4039,4200
32007,CONCEPCION DEL ORO,12803,6448,6355
32008,CUAUHTEMOC,11915,5818,6097
32009,CHALCHIHUITES,10565,5103,5462
32010,FRESNILLO,213139,104348,108791
32011,TRINIDAD GARCIA DE LA CADENA,3013,1472,1541
32012,GENARO CODINA,8104,3984,4120
32013,GENERAL ENRIQUE ESTRADA,5894,2905,2989
32014,GENERAL FRANCISCO R. MURGUIA,21974,10568,11406
32015,EL PLATEADO DE JOAQUIN AMARO,1609,795,814
32016,GENERAL PANFILO NATERA,22346,10976,11370
32017,GUADALUPE,159991,77843,82148
32018,HUANUSCO,4306,2096,2210
32019,JALPA,23557,11380,12177
32020,JEREZ,57610,27792,29818
32021,JIMENEZ DEL TEUL,4584,2238,2346
32022,JUAN ALDAMA,20543,9947,10596
32023,JUCHIPILA,12284,5863,6421
32024,LORETO,48365,23746,24619
32025,LUIS MOYA,12234,6075,6159
32026,MAZAPIL,17813,9331,8482
32027,MELCHOR OCAMPO,2662,1414,1248
32028,MEZQUITAL DEL ORO,2584,1219,1365
32029,MIGUEL AUZA,22296,10853,11443
32030,MOMAX,2529,1216,1313
32031,MONTE ESCOBEDO,8929,4352,4577
32032,MORELOS,11493,5690,5803
32033,MOYAHUA DE ESTRADA,4563,2155,2408
32034,NOCHISTLAN DE MEJIA,27932,13157,14775
32035,NORIA DE ANGELES,15607,7663,7944
32036,OJOCALIENTE,40740,19749,20991
32037,PANUCO,16875,8407,8468
32038,PINOS,69844,33973,35871
32039,RIO GRANDE,62693,30198,32495
32040,SAIN ALTO,21533,10433,11100
32041,EL SALVADOR,2710,1378,1332
32042,SOMBRERETE,61188,30159,31029
32043,SUSTICACAN,1360,636,724
32044,TABASCO,15656,7603,8053
32045,TEPECHITLAN,8215,3934,4281
32046,TEPETONGO,7090,3401,3689
32047,TEUL DE GONZALEZ ORTEGA,5506,2656,2850
32048,TLALTENANGO DE SANCHEZ ROMAN,25493,12470,13023
32049,VALPARAISO,33323,16349,16974
32050,VETAGRANDE,9353,4561,4792
32051,VILLA DE COS,34328,17164,17164
32052,VILLA GARCIA,18269,9035,9234
32053,VILLA GONZALEZ ORTEGA,12893,6177,6716
32054,VILLA HIDALGO,18490,9120,9370
32055,VILLANUEVA,29395,14303,15092
32056,ZACATECAS,138176,66297,71879
32057,TRANCOSO,16934,8358,8576
32058,SANTA MARIA DE LA PAZ,2821,1402,1419
